815769,104,3065,18793,-2,1649649063,1.0
815769,104,3065,18798,-2,1649649113,1.0
815769,104,3065,18801,-1,1649649192,1.0
815769,104,3065,1996,-1,1649649242,1.0
815769,104,3065,18805,-1,1649649294,1.0
815769,104,3065,2200,-3,1649649431,1.0
815769,104,3065,18809,-2,1649649481,1.0
815769,104,3065,1998,-3,1649649541,1.0
815769,104,3065,18814,-3,1649649612,1.0
815769,104,3065,18816,-3,1649649662,1.0
815769,104,3065,18818,-3,1649649712,1.0
815769,104,3065,18820,-3,1649649732,1.0
815769,104,3065,18821,-3,1649649792,1.0
815769,104,3065,18824,-3,1649649842,1.0
815769,104,3065,18828,-3,1649649902,1.0
815769,104,3065,1148,-3,1649650063,1.0
815769,104,3065,null,-3,1649650714,1.0
817439,108,3460,17103,-4,1649649662,0.3
817439,108,3460,1160,-4,1649649763,0.3
817439,108,3460,null,-4,1649650574,0.3
830366,12,8064,32259,-4,1649649143,1.0
830366,12,8064,25095,-4,1649649192,1.0
830366,12,8064,22140,-4,1649649242,1.0
830366,12,8064,25097,-5,1649649294,1.0
830366,12,8064,14882,-4,1649649372,1.0
830366,12,8064,14884,-4,1649649432,1.0
830366,12,8064,14886,-5,1649649482,1.0
830366,12,8064,130,-4,1649649541,1.0
830366,12,8064,14080,-5,1649649612,1.0
830366,12,8064,14084,-5,1649649662,1.0
830366,12,8064,14085,-5,1649649712,1.0
830366,12,8064,14088,-5,1649649792,1.0
830366,12,8064,30921,-4,1649649842,1.0
830366,12,8064,315,-4,1649649902,1.0
830366,12,8064,22238,-4,1649649971,1.0
830366,12,8064,25101,-4,1649650022,1.0
830366,12,8064,30366,-3,1649650082,1.0
830366,12,8064,25106,-4,1649650133,1.0
830366,12,8064,25108,-4,1649650202,1.0
830366,12,8064,30283,-4,1649650272,1.0
830366,12,8064,24844,-14,1649650381,1.0
830366,12,8064,31480,-13,1649650442,1.0
830366,12,8064,317,-4,1649650554,1.0
830366,12,8064,null,-4,1649650714,1.0
830973,14,7365,22524,-1,1649649324,0.8181818181818182
830973,14,7365,22525,-1,1649649381,0.8181818181818182
830973,14,7365,22526,-1,1649649421,0.8181818181818182
830973,14,7365,22537,-1,1649649433,0.8181818181818182
830973,14,7365,22538,-1,1649649461,0.8181818181818182
830973,14,7365,25924,-1,1649649471,0.8181818181818182
830973,14,7365,22539,-1,1649649481,0.8181818181818182
830973,14,7365,30391,-1,1649649493,0.8181818181818182
830973,14,7365,327,-1,1649649503,0.8181818181818182
830973,14,7365,23056,-2,1649649581,0.8181818181818182
830973,14,7365,30293,-2,1649649612,0.8181818181818182
830973,14,7365,25881,-1,1649649662,0.8181818181818182
830973,14,7365,329,-1,1649649712,0.8181818181818182
830973,14,7365,23060,-2,1649649781,0.8181818181818182
830973,14,7365,23061,-2,1649649791,0.8181818181818182
830973,14,7365,23059,-2,1649649801,0.8181818181818182
830973,14,7365,23062,-2,1649649813,0.8181818181818182
830973,14,7365,23063,-2,1649649831,0.8181818181818182
830973,14,7365,25883,-2,1649649841,0.8181818181818182
830973,14,7365,23064,-2,1649649853,0.8181818181818182
830973,14,7365,23065,-2,1649649871,0.8181818181818182
830973,14,7365,23066,-1,1649649971,0.8181818181818182
830973,14,7365,23067,-1,1649650011,0.8181818181818182
830973,14,7365,23070,-1,1649650033,0.8181818181818182
830973,14,7365,25933,-17,1649650053,0.8181818181818182
830973,14,7365,23071,-16,1649650063,0.8181818181818182
830973,14,7365,30759,-16,1649650073,0.8181818181818182
831444,16,8615,17132,-2,1649649024,1.0
831444,16,8615,17133,-2,1649649063,1.0
831444,16,8615,17136,-2,1649649113,1.0
831444,16,8615,17138,-2,1649649132,1.0
831444,16,8615,17158,-2,1649649192,1.0
831444,16,8615,17159,-2,1649649242,1.0
831444,16,8615,17162,-3,1649649274,1.0
831444,16,8615,5273,-3,1649649294,1.0
831444,16,8615,5252,-4,1649649371,1.0
831444,16,8615,143,-5,1649649431,1.0
831444,16,8615,5144,-5,1649649481,1.0
831444,16,8615,17166,-5,1649649541,1.0
831444,16,8615,17168,-15,1649649612,1.0
831444,16,8615,17169,-15,1649649662,1.0
831444,16,8615,17170,-13,1649649712,1.0
831444,16,8615,515,-5,1649649883,1.0
831444,16,8615,null,-5,1649650073,1.0
831464,16,8240,null,-11,1649649593,1.0
831465,16,3243,17283,-1,1649649024,0.65
831465,16,3243,17290,-1,1649649132,0.65
831465,16,3243,28696,-1,1649649294,0.65
831465,16,3243,30285,-1,1649649431,0.65
831465,16,3243,17302,-1,1649649481,0.65
831465,16,3243,17303,-1,1649649503,0.65
831465,16,3243,17304,-1,1649649551,0.65
831465,16,3243,17305,-1,1649649561,0.65
831465,16,3243,31383,-2,1649649612,0.65
831465,16,3243,17308,-2,1649649652,0.65
831465,16,3243,28697,-3,1649649692,0.65
831465,16,3243,17310,-4,1649649712,0.65
831465,16,3243,17311,-4,1649649732,0.65
831465,16,3243,17312,-4,1649649744,0.65
831465,16,3243,17313,-4,1649649792,0.65
831465,16,3243,17315,-4,1649649841,0.65
831465,16,3243,17317,-4,1649649902,0.65
831465,16,3243,17318,-4,1649649971,0.65
831465,16,3243,17320,-4,1649650022,0.65
831465,16,3243,15450,-5,1649650082,0.65
831465,16,3243,17324,-4,1649650133,0.65
831465,16,3243,15455,-4,1649650202,0.65
831465,16,3243,15465,-4,1649650272,0.65
831465,16,3243,17330,-5,1649650321,0.65
831465,16,3243,15471,-6,1649650381,0.65
831465,16,3243,17334,-5,1649650442,0.65
831466,16,8615,515,-10,1649650523,1.0
831466,16,8615,20414,-9,1649650562,1.0
831466,16,8615,17261,-9,1649650613,1.0
831466,16,8615,17262,-8,1649650691,1.0
831466,16,8615,17263,-9,1649650714,1.0
832137,17,7471,7657,-3,1649649213,0.14285714285714285
832198,17,7471,593,-1,1649649434,0.029411764705882353
832886,18,7422,15817,-2,1649649023,0.8333333333333334
832886,18,7422,15819,-1,1649649073,0.8333333333333334
832886,18,7422,15820,-2,1649649103,0.8333333333333334
832886,18,7422,15822,-2,1649649113,0.8333333333333334
832886,18,7422,15697,-3,1649649192,0.8333333333333334
832886,18,7422,15698,-3,1649649242,0.8333333333333334
832886,18,7422,30996,-2,1649649294,0.8333333333333334
832886,18,7422,15833,-2,1649649371,0.8333333333333334
832886,18,7422,15835,-2,1649649431,0.8333333333333334
832886,18,7422,15839,-2,1649649481,0.8333333333333334
832886,18,7422,15842,-2,1649649541,0.8333333333333334
832886,18,7422,15843,-2,1649649561,0.8333333333333334
832886,18,7422,15845,-2,1649649612,0.8333333333333334
832886,18,7422,15847,-3,1649649632,0.8333333333333334
832886,18,7422,15848,-2,1649649662,0.8333333333333334
832886,18,7422,15851,-2,1649649712,0.8333333333333334
832886,18,7422,375,-2,1649649792,0.8333333333333334
832886,18,7422,31104,-2,1649649813,0.8333333333333334
832886,18,7422,32059,-1,1649649841,0.8333333333333334
832886,18,7422,15874,-1,1649649901,0.8333333333333334
832886,18,7422,15875,-1,1649649944,0.8333333333333334
832886,18,7422,15876,-2,1649649991,0.8333333333333334
832886,18,7422,15877,-1,1649650022,0.8333333333333334
832886,18,7422,20851,-2,1649650212,0.8333333333333334
832886,18,7422,null,-2,1649650714,0.8333333333333334
832905,18,7421,16962,-1,1649649632,0.017241379310344827
832906,18,7345,17582,-1,1649649871,0.125
832906,18,7345,17586,-1,1649649911,0.125
832906,18,7345,17587,-1,1649649924,0.125
832906,18,7345,17595,-1,1649649991,0.125
833455,2,0,2721,-1,1649650112,0.45454545454545453
833455,2,0,2709,-1,1649650144,0.45454545454545453
833455,2,0,12270,-1,1649650172,0.45454545454545453
833455,2,0,2677,-1,1649650222,0.45454545454545453
833455,2,0,31592,-1,1649650262,0.45454545454545453
833455,2,0,2727,-2,1649650292,0.45454545454545453
833455,2,0,2681,-2,1649650321,0.45454545454545453
833455,2,0,33,-2,1649650341,0.45454545454545453
833455,2,0,2682,-1,1649650371,0.45454545454545453
833455,2,0,3081,-1,1649650381,0.45454545454545453
833455,2,0,24172,-1,1649650401,0.45454545454545453
833455,2,0,2726,-1,1649650442,0.45454545454545453
833455,2,0,15398,-1,1649650472,0.45454545454545453
833455,2,0,2707,-1,1649650482,0.45454545454545453
833455,2,0,3078,-1,1649650524,0.45454545454545453
833455,2,0,3076,-1,1649650562,0.45454545454545453
833455,2,0,2687,-1,1649650634,0.45454545454545453
833455,2,0,34,-1,1649650652,0.45454545454545453
833455,2,0,2666,-1,1649650672,0.45454545454545453
833455,2,0,15399,-2,1649650714,0.45454545454545453
833457,2,8024,31456,-6,1649649382,0.08333333333333333
833983,20,3177,22585,-2,1649649023,0.7857142857142857
833983,20,3177,23734,-2,1649649042,0.7857142857142857
833983,20,3177,21117,-2,1649649073,0.7857142857142857
833983,20,3177,410,-1,1649649113,0.7857142857142857
833983,20,3177,1522,-1,1649649203,0.7857142857142857
833983,20,3177,31298,-1,1649649294,0.7857142857142857
833983,20,3177,21127,-1,1649649334,0.7857142857142857
833983,20,3177,21128,-1,1649649361,0.7857142857142857
833983,20,3177,23374,-1,1649649461,0.7857142857142857
833983,20,3177,23375,-1,1649649541,0.7857142857142857
833983,20,3177,30140,-1,1649649652,0.7857142857142857
834046,20,3177,30140,-2,1649650321,0.3333333333333333
834817,21,3391,516,-2,1649650292,0.5
834817,21,3391,421,-2,1649650322,0.5
834817,21,3391,598,-1,1649650342,0.5
834817,21,3391,622,-1,1649650362,0.5
834817,21,3391,21353,-1,1649650381,0.5
834817,21,3391,21354,-2,1649650401,0.5
834817,21,3391,30634,-2,1649650454,0.5
834817,21,3391,21356,-2,1649650484,0.5
834817,21,3391,21357,-2,1649650504,0.5
834817,21,3391,20976,-2,1649650514,0.5
834817,21,3391,6067,-1,1649650562,0.5
834817,21,3391,6066,-1,1649650582,0.5
834817,21,3391,6065,-1,1649650612,0.5
834817,21,3391,6064,-1,1649650672,0.5
834817,21,3391,14906,-2,1649650714,0.5
834884,21,3395,593,-1,1649650381,0.3333333333333333
834885,21,3390,14085,-1,1649649334,0.06666666666666667
834885,21,3390,14086,-1,1649649382,0.06666666666666667
834885,21,3390,14088,-1,1649649404,0.06666666666666667
834886,21,8135,1148,-2,1649649044,1.0
834886,21,8135,null,-2,1649649074,1.0
835219,22,3314,15564,-1,1649649042,0.7111111111111111
835219,22,3314,15565,-1,1649649052,0.7111111111111111
835219,22,3314,15566,-1,1649649073,0.7111111111111111
835219,22,3314,15570,-1,1649649103,0.7111111111111111
835219,22,3314,15571,-1,1649649113,0.7111111111111111
835219,22,3314,15572,-1,1649649132,0.7111111111111111
835219,22,3314,32295,-1,1649649143,0.7111111111111111
835219,22,3314,30428,-1,1649649192,0.7111111111111111
835219,22,3314,15602,-1,1649649612,0.7111111111111111
835219,22,3314,15603,-2,1649649642,0.7111111111111111
835219,22,3314,15606,-2,1649649672,0.7111111111111111
835219,22,3314,15609,-1,1649649692,0.7111111111111111
835219,22,3314,17106,-2,1649649712,0.7111111111111111
835219,22,3314,17109,-1,1649649732,0.7111111111111111
835219,22,3314,17110,-1,1649649743,0.7111111111111111
835219,22,3314,15612,-1,1649649772,0.7111111111111111
835219,22,3314,28397,-1,1649649782,0.7111111111111111
835219,22,3314,15613,-1,1649649801,0.7111111111111111
835219,22,3314,28398,-1,1649649813,0.7111111111111111
835219,22,3314,17112,-2,1649649832,0.7111111111111111
835219,22,3314,17114,-2,1649649853,0.7111111111111111
835219,22,3314,15615,-2,1649649901,0.7111111111111111
835219,22,3314,15623,-2,1649649921,0.7111111111111111
835219,22,3314,15624,-2,1649649934,0.7111111111111111
835219,22,3314,15626,-2,1649649971,0.7111111111111111
835219,22,3314,15637,-2,1649650001,0.7111111111111111
835219,22,3314,28401,-2,1649650022,0.7111111111111111
835219,22,3314,15638,-2,1649650033,0.7111111111111111
835219,22,3314,15639,-2,1649650053,0.7111111111111111
835219,22,3314,15640,-2,1649650082,0.7111111111111111
835219,22,3314,17115,-31,1649650133,0.7111111111111111
835219,22,3314,30777,-30,1649650144,0.7111111111111111
835255,22,8286,16725,-2,1649649024,1.0
835255,22,8286,462,-2,1649649073,1.0
835255,22,8286,16955,-2,1649649084,1.0
835255,22,8286,16742,-2,1649649103,1.0
835255,22,8286,17179,-2,1649649113,1.0
835255,22,8286,16743,-2,1649649132,1.0
835255,22,8286,16744,-2,1649649192,1.0
835255,22,8286,16956,-2,1649649203,1.0
835255,22,8286,16957,-2,1649649242,1.0
835255,22,8286,17737,-3,1649649261,1.0
835255,22,8286,25971,-2,1649649294,1.0
835255,22,8286,30926,-2,1649649371,1.0
835255,22,8286,21219,-2,1649649431,1.0
835255,22,8286,17193,-3,1649649443,1.0
835255,22,8286,16904,-2,1649649481,1.0
835255,22,8286,18316,-2,1649649541,1.0
835255,22,8286,21220,-2,1649649612,1.0
835255,22,8286,15422,-2,1649649622,1.0
835255,22,8286,16908,-2,1649649662,1.0
835255,22,8286,16909,-2,1649649672,1.0
835255,22,8286,16911,-3,1649649712,1.0
835255,22,8286,16913,-3,1649649743,1.0
835255,22,8286,28451,-3,1649649792,1.0
835255,22,8286,15504,-4,1649649901,1.0
835255,22,8286,15530,-4,1649649971,1.0
835255,22,8286,15573,-4,1649650022,1.0
835255,22,8286,16923,-3,1649650082,1.0
835255,22,8286,17573,-2,1649650133,1.0
835255,22,8286,17201,-3,1649650202,1.0
835255,22,8286,31758,-27,1649650271,1.0
835255,22,8286,11623,-26,1649650321,1.0
835255,22,8286,382,-2,1649650431,1.0
835255,22,8286,null,-2,1649650714,1.0
836019,23,8547,16887,-1,1649649042,0.18604651162790697
836019,23,8547,16888,-1,1649649063,0.18604651162790697
836019,23,8547,16891,-1,1649649113,0.18604651162790697
836019,23,8547,17047,-1,1649649334,0.18604651162790697
836019,23,8547,17048,-1,1649649361,0.18604651162790697
836019,23,8547,17051,-1,1649649404,0.18604651162790697
836019,23,8547,17052,-1,1649649431,0.18604651162790697
836019,23,8547,17053,-1,1649649471,0.18604651162790697
836294,24,8678,null,-1,1649649113,1.0
836647,25,3160,17818,-1,1649649284,0.8387096774193549
836647,25,3160,23999,-1,1649649361,0.8387096774193549
836647,25,3160,483,-1,1649649381,0.8387096774193549
836647,25,3160,24106,-1,1649649391,0.8387096774193549
836647,25,3160,24107,-1,1649649401,0.8387096774193549
836647,25,3160,24108,-2,1649649491,0.8387096774193549
836647,25,3160,23796,-2,1649649521,0.8387096774193549
836647,25,3160,23797,-2,1649649541,0.8387096774193549
836647,25,3160,23798,-2,1649649561,0.8387096774193549
836647,25,3160,23799,-1,1649649581,0.8387096774193549
836647,25,3160,23802,-2,1649649612,0.8387096774193549
836647,25,3160,485,-2,1649649632,0.8387096774193549
836647,25,3160,23804,-2,1649649642,0.8387096774193549
836647,25,3160,24000,-2,1649649692,0.8387096774193549
836647,25,3160,24003,-1,1649649712,0.8387096774193549
836647,25,3160,24005,-2,1649649792,0.8387096774193549
836647,25,3160,24007,-2,1649649853,0.8387096774193549
836647,25,3160,24008,-2,1649649871,0.8387096774193549
836647,25,3160,17847,-2,1649649911,0.8387096774193549
836647,25,3160,17849,-2,1649649971,0.8387096774193549
836647,25,3160,15774,-2,1649650011,0.8387096774193549
836647,25,3160,15776,-3,1649650033,0.8387096774193549
836647,25,3160,15777,-3,1649650053,0.8387096774193549
836647,25,3160,15781,-3,1649650082,0.8387096774193549
836647,25,3160,15787,-1,1649650192,0.8387096774193549
836647,25,3160,null,-1,1649650454,0.8387096774193549
837218,26,8296,15917,-1,1649650542,0.3333333333333333
837218,26,8296,15918,-1,1649650562,0.3333333333333333
837218,26,8296,15919,-1,1649650612,0.3333333333333333
837218,26,8296,16979,-1,1649650613,0.3333333333333333
837218,26,8296,21228,-1,1649650651,0.3333333333333333
837218,26,8296,15920,-1,1649650671,0.3333333333333333
837218,26,8296,15921,-1,1649650701,0.3333333333333333
837218,26,8296,15922,-1,1649650714,0.3333333333333333
837742,27,8310,10211,-1,1649649324,0.5454545454545454
837742,27,8310,10200,-1,1649649334,0.5454545454545454
837742,27,8310,10208,-1,1649649372,0.5454545454545454
837742,27,8310,17345,-1,1649649402,0.5454545454545454
837742,27,8310,12261,-1,1649649404,0.5454545454545454
837742,27,8310,30596,-1,1649649434,0.5454545454545454
837742,27,8310,17170,-1,1649650082,0.5454545454545454
837742,27,8310,5131,-1,1649650102,0.5454545454545454
837742,27,8310,515,-2,1649650174,0.5454545454545454
837742,27,8310,15185,-2,1649650272,0.5454545454545454
837742,27,8310,15186,-1,1649650292,0.5454545454545454
837742,27,8310,15188,-1,1649650321,0.5454545454545454
838392,29,3447,24177,-1,1649650582,1.0
838392,29,3447,24178,-1,1649650593,1.0
838392,29,3447,24179,-1,1649650612,1.0
838392,29,3447,24180,-1,1649650624,1.0
838392,29,3447,24181,-1,1649650652,1.0
838392,29,3447,24182,-1,1649650672,1.0
838392,29,3447,24183,-1,1649650702,1.0
838392,29,3447,24184,-1,1649650714,1.0
838432,29,3447,23977,-1,1649649094,0.5
838432,29,3447,24210,-1,1649649192,0.5
838432,29,3447,24211,-1,1649649203,0.5
838432,29,3447,24214,-1,1649649274,0.5
838432,29,3447,24224,-1,1649649652,0.5
838432,29,3447,24225,-1,1649649692,0.5
838432,29,3447,24227,-1,1649649744,0.5
838432,29,3447,548,-1,1649649813,0.5
838432,29,3447,24229,-1,1649649842,0.5
838432,29,3447,24230,-1,1649649853,0.5
838432,29,3447,24231,-1,1649649902,0.5
838432,29,3447,24232,-1,1649649912,0.5
838432,29,3447,24233,-2,1649649934,0.5
838432,29,3447,24234,-8,1649649971,0.5
838432,29,3447,24235,-8,1649649991,0.5
838432,29,3447,24236,-7,1649650011,0.5
838432,29,3447,24237,-7,1649650033,0.5
838432,29,3447,20428,-7,1649650053,0.5
838975,3,3518,19008,-3,1649649063,1.0
838975,3,3518,25409,-3,1649649113,1.0
838975,3,3518,25411,-4,1649649192,1.0
838975,3,3518,23963,-4,1649649242,1.0
838975,3,3518,19010,-3,1649649294,1.0
838975,3,3518,23966,-2,1649649371,1.0
838975,3,3518,23968,-1,1649649431,1.0
838975,3,3518,21204,-3,1649649591,1.0
838975,3,3518,null,-3,1649650714,1.0
839224,30,3007,21424,-1,1649650454,0.02702702702702703
839712,31,3385,21528,-1,1649650252,0.1875
839712,31,3385,21529,-1,1649650304,0.1875
839712,31,3385,10283,-1,1649650362,0.1875
839712,31,3385,18447,-1,1649650381,0.1875
839712,31,3385,18448,-1,1649650401,0.1875
839712,31,3385,10275,-11,1649650442,0.1875
839712,31,3385,10272,-10,1649650472,0.1875
839712,31,3385,18451,-10,1649650482,0.1875
839712,31,3385,10266,-10,1649650504,0.1875
839722,31,3009,23005,-1,1649649042,0.7586206896551724
839722,31,3009,31723,-1,1649649274,0.7586206896551724
839722,31,3009,23015,-1,1649649294,0.7586206896551724
839722,31,3009,23016,-2,1649649324,0.7586206896551724
839722,31,3009,21649,-1,1649649382,0.7586206896551724
839722,31,3009,21650,-1,1649649404,0.7586206896551724
839722,31,3009,577,-1,1649649432,0.7586206896551724
839722,31,3009,21651,-1,1649649434,0.7586206896551724
839722,31,3009,30831,-2,1649649522,0.7586206896551724
839722,31,3009,21662,-2,1649649552,0.7586206896551724
839722,31,3009,21664,-2,1649649561,0.7586206896551724
839722,31,3009,21665,-3,1649649582,0.7586206896551724
839722,31,3009,20584,-3,1649649622,0.7586206896551724
839722,31,3009,560,-3,1649649662,0.7586206896551724
839722,31,3009,19492,-3,1649649712,0.7586206896551724
839722,31,3009,19494,-3,1649649792,0.7586206896551724
839722,31,3009,21670,-35,1649649842,0.7586206896551724
839722,31,3009,21671,-34,1649649902,0.7586206896551724
839722,31,3009,21674,-33,1649649971,0.7586206896551724
839722,31,3009,26082,-32,1649650014,0.7586206896551724
839722,31,3009,563,-1,1649650123,0.7586206896551724
839722,31,3009,null,-1,1649650714,0.7586206896551724
840145,32,8281,581,-1,1649649083,0.05714285714285714
840145,32,8281,582,-1,1649649192,0.05714285714285714
840166,32,3094,5166,-1,1649649274,1.0
840166,32,3094,5195,-1,1649649284,1.0
840166,32,3094,14996,-2,1649649324,1.0
840166,32,3094,5233,-2,1649649334,1.0
840166,32,3094,5318,-2,1649649361,1.0
840166,32,3094,5229,-2,1649649381,1.0
840166,32,3094,15941,-3,1649649431,1.0
840166,32,3094,20414,-3,1649649481,1.0
840166,32,3094,20968,-4,1649649541,1.0
840166,32,3094,17842,-3,1649649662,1.0
840166,32,3094,8938,-2,1649649712,1.0
840166,32,3094,15948,-3,1649649792,1.0
840166,32,3094,1321,-4,1649649841,1.0
840166,32,3094,15951,-3,1649649901,1.0
840166,32,3094,15954,-4,1649650022,1.0
840166,32,3094,19698,-5,1649650082,1.0
840166,32,3094,15955,-5,1649650133,1.0
840166,32,3094,2880,-5,1649650202,1.0
840166,32,3094,11944,-5,1649650271,1.0
840166,32,3094,585,-5,1649650381,1.0
840166,32,3094,586,-5,1649650442,1.0
840166,32,3094,15962,-5,1649650512,1.0
840166,32,3094,15991,-5,1649650562,1.0
840166,32,3094,15993,-5,1649650613,1.0
840166,32,3094,15996,-5,1649650691,1.0
840166,32,3094,15998,-5,1649650714,1.0
840167,32,8272,16002,-1,1649649163,0.18181818181818182
840167,32,8272,16003,-1,1649649192,0.18181818181818182
840167,32,8272,587,-1,1649649242,0.18181818181818182
840167,32,8272,16004,-1,1649649274,0.18181818181818182
841186,33,7321,2751,-1,1649649143,0.44
841186,33,7321,2755,-1,1649649223,0.44
841186,33,7321,2743,-1,1649649242,0.44
841186,33,7321,2784,-1,1649649274,0.44
841186,33,7321,18451,-1,1649649561,0.44
841186,33,7321,10266,-1,1649649581,0.44
841186,33,7321,10263,-1,1649649692,0.44
841186,33,7321,10340,-2,1649649744,0.44
841186,33,7321,18457,-2,1649649802,0.44
841186,33,7321,10331,-1,1649649832,0.44
841186,33,7321,10329,-12,1649649853,0.44
841701,37,3119,24909,-3,1649649064,1.0
841701,37,3119,24547,-3,1649649242,1.0
841701,37,3119,24911,-3,1649649294,1.0
841701,37,3119,24913,-34,1649649372,1.0
841701,37,3119,631,-33,1649649432,1.0
841701,37,3119,24916,-32,1649649482,1.0
841701,37,3119,24918,-31,1649649541,1.0
841701,37,3119,31566,-5,1649649712,1.0
841701,37,3119,null,-5,1649650714,1.0
842106,38,8416,28,-1,1649649312,0.6666666666666666
842106,38,8416,null,-1,1649649744,0.6666666666666666
842771,4,3114,28695,-1,1649649024,0.75
842771,4,3114,21193,-1,1649649042,0.75
842771,4,3114,21534,-6,1649649132,0.75
842772,4,8001,5135,-1,1649649324,0.6666666666666666
842772,4,8001,5318,-1,1649649382,0.6666666666666666
842772,4,8001,15941,-1,1649649402,0.6666666666666666
842772,4,8001,20414,-1,1649649482,0.6666666666666666
842772,4,8001,17262,-2,1649649622,0.6666666666666666
842772,4,8001,17263,-2,1649649662,0.6666666666666666
842772,4,8001,17264,-2,1649649672,0.6666666666666666
842772,4,8001,17265,-4,1649649692,0.6666666666666666
842772,4,8001,17266,-4,1649649712,0.6666666666666666
842772,4,8001,17268,-4,1649649792,0.6666666666666666
842772,4,8001,17270,-4,1649649842,0.6666666666666666
842772,4,8001,164,-3,1649649902,0.6666666666666666
842772,4,8001,17275,-4,1649649971,0.6666666666666666
842772,4,8001,17278,-5,1649650022,0.6666666666666666
842772,4,8001,17280,-6,1649650082,0.6666666666666666
842772,4,8001,17283,-6,1649650133,0.6666666666666666
842772,4,8001,17286,-6,1649650202,0.6666666666666666
842772,4,8001,17290,-6,1649650272,0.6666666666666666
842772,4,8001,17296,-7,1649650322,0.6666666666666666
842772,4,8001,165,-6,1649650381,0.6666666666666666
842772,4,8001,17363,-7,1649650442,0.6666666666666666
842772,4,8001,17367,-8,1649650504,0.6666666666666666
842772,4,8001,167,-7,1649650562,0.6666666666666666
842772,4,8001,17369,-7,1649650613,0.6666666666666666
842772,4,8001,17372,-8,1649650692,0.6666666666666666
842772,4,8001,17375,-8,1649650714,0.6666666666666666
843441,40,3404,22219,-1,1649649024,0.525
843441,40,3404,635,-1,1649649144,0.525
843441,40,3404,22221,-1,1649649203,0.525
843441,40,3404,672,-1,1649649662,0.525
843441,40,3404,22128,-1,1649649712,0.525
843441,40,3404,15229,-1,1649649744,0.525
843441,40,3404,22232,-1,1649649753,0.525
843441,40,3404,20435,-2,1649649853,0.525
843441,40,3404,32440,-2,1649649921,0.525
843441,40,3404,30649,-2,1649649944,0.525
843441,40,3404,30644,-2,1649649971,0.525
843441,40,3404,30645,-3,1649649991,0.525
843441,40,3404,30647,-3,1649650011,0.525
843441,40,3404,659,-3,1649650014,0.525
843441,40,3404,22239,-3,1649650033,0.525
843441,40,3404,22240,-2,1649650082,0.525
843441,40,3404,22242,-3,1649650133,0.525
843441,40,3404,22244,-3,1649650202,0.525
843441,40,3404,660,-3,1649650272,0.525
843441,40,3404,5281,-4,1649650322,0.525
843441,40,3404,32130,-4,1649650381,0.525
844337,42,8135,22113,-1,1649650624,0.5
844337,42,8135,22114,-1,1649650652,0.5
844337,42,8135,22115,-1,1649650702,0.5
844337,42,8135,22116,-1,1649650704,0.5
844337,42,8135,22117,-1,1649650714,0.5
844338,42,8134,6111,-1,1649650252,0.058823529411764705
844338,42,8134,14909,-1,1649650272,0.058823529411764705
844454,42,3409,14084,-2,1649650262,0.27586206896551724
844454,42,3409,14085,-1,1649650292,0.27586206896551724
844454,42,3409,14086,-1,1649650304,0.27586206896551724
844454,42,3409,14088,-1,1649650342,0.27586206896551724
844454,42,3409,432,-1,1649650454,0.27586206896551724
844454,42,3409,25704,-1,1649650504,0.27586206896551724
844454,42,3409,21449,-1,1649650562,0.27586206896551724
844454,42,3409,21450,-1,1649650593,0.27586206896551724
844455,42,0,21230,-1,1649649144,0.6
844455,42,0,22147,-1,1649649274,0.6
844455,42,0,22151,-1,1649649294,0.6
844455,42,0,22154,-2,1649649314,0.6
844455,42,0,22156,-2,1649649324,0.6
844455,42,0,22158,-2,1649649382,0.6
844455,42,0,22190,-2,1649649402,0.6
844455,42,0,22191,-2,1649649422,0.6
844455,42,0,22192,-2,1649649432,0.6
844455,42,0,22193,-2,1649649434,0.6
844455,42,0,22161,-1,1649649492,0.6
844455,42,0,675,-1,1649649542,0.6
844455,42,0,22163,-1,1649649561,0.6
844455,42,0,22165,-1,1649649612,0.6
844455,42,0,22166,-1,1649649622,0.6
844455,42,0,22167,-1,1649649662,0.6
844455,42,0,22168,-1,1649649684,0.6
844455,42,0,22169,-1,1649649732,0.6
844455,42,0,22170,-1,1649649772,0.6
844455,42,0,676,-1,1649649813,0.6
844455,42,0,22172,-1,1649649872,0.6
846044,45,3110,16128,-2,1649649712,1.0
846044,45,3110,16129,-2,1649649753,1.0
846044,45,3110,756,-1,1649649792,1.0
846044,45,3110,16132,-2,1649649842,1.0
846044,45,3110,16495,-2,1649649921,1.0
846044,45,3110,16498,-3,1649649934,1.0
846044,45,3110,16500,-3,1649649971,1.0
846044,45,3110,16503,-2,1649650022,1.0
846044,45,3110,16505,-3,1649650082,1.0
846044,45,3110,1181,-3,1649650133,1.0
846044,45,3110,16511,-3,1649650202,1.0
846044,45,3110,16516,-3,1649650272,1.0
846044,45,3110,16524,-3,1649650321,1.0
846044,45,3110,16576,-2,1649650381,1.0
846044,45,3110,16586,-2,1649650442,1.0
846044,45,3110,16588,-1,1649650512,1.0
846044,45,3110,16590,-1,1649650513,1.0
846044,45,3110,1182,-1,1649650582,1.0
846044,45,3110,16591,-1,1649650612,1.0
846044,45,3110,16592,-1,1649650652,1.0
846044,45,3110,759,-3,1649650691,1.0
846044,45,3110,31461,-3,1649650701,1.0
846044,45,3110,31380,-3,1649650714,1.0
846805,46,3403,21812,-1,1649650421,0.21739130434782608
846805,46,3403,21813,-1,1649650612,0.21739130434782608
846805,46,3403,21814,-1,1649650634,0.21739130434782608
846805,46,3403,712,-1,1649650672,0.21739130434782608
846805,46,3403,21815,-1,1649650692,0.21739130434782608
846806,46,0,null,-2,1649649233,1.0
846854,46,0,30854,-2,1649649242,0.7
846854,46,0,21849,-3,1649649274,0.7
846854,46,0,21850,-3,1649649284,0.7
846854,46,0,21851,-3,1649649294,0.7
846854,46,0,21852,-4,1649649324,0.7
846854,46,0,21853,-3,1649649372,0.7
846854,46,0,21855,-4,1649649432,0.7
846854,46,0,715,-4,1649649482,0.7
846854,46,0,21857,-3,1649649542,0.7
846854,46,0,716,-4,1649649662,0.7
846854,46,0,21644,-4,1649649712,0.7
846854,46,0,21645,-4,1649649792,0.7
846854,46,0,21860,-4,1649649842,0.7
846854,46,0,21864,-4,1649649902,0.7
847527,47,3116,16310,-1,1649649024,0.8
847527,47,3116,16311,-1,1649649052,0.8
847527,47,3116,16312,-2,1649649074,0.8
847527,47,3116,16313,-2,1649649104,0.8
847527,47,3116,16314,-1,1649649132,0.8
847527,47,3116,18577,-1,1649649192,0.8
847527,47,3116,24347,-15,1649649203,0.8
847527,47,3116,99,-1,1649649372,0.8
848626,48,3412,14913,-7,1649650361,0.022222222222222223
848687,48,7379,null,-4,1649649792,1.0
848701,48,7411,3145,-1,1649649074,0.5263157894736842
848701,48,7411,4549,-1,1649649192,0.5263157894736842
848701,48,7411,4550,-1,1649649203,0.5263157894736842
848701,48,7411,584,-1,1649649314,0.5263157894736842
848701,48,7411,14941,-1,1649649402,0.5263157894736842
848701,48,7411,751,-1,1649649432,0.5263157894736842
848701,48,7411,14942,-1,1649649462,0.5263157894736842
848701,48,7411,14943,-1,1649649493,0.5263157894736842
848701,48,7411,3201,-1,1649649503,0.5263157894736842
848701,48,7411,2900,-1,1649649541,0.5263157894736842
848701,48,7411,2886,-1,1649649561,0.5263157894736842
848701,48,7411,2906,-1,1649649744,0.5263157894736842
848701,48,7411,752,-1,1649649792,0.5263157894736842
848701,48,7411,2910,-1,1649649813,0.5263157894736842
848701,48,7411,3198,-1,1649649853,0.5263157894736842
848701,48,7411,2892,-1,1649649872,0.5263157894736842
848701,48,7411,14947,-1,1649649902,0.5263157894736842
848701,48,7411,14948,-1,1649649944,0.5263157894736842
848701,48,7411,20593,-2,1649650053,0.5263157894736842
848701,48,7411,14951,-18,1649650102,0.5263157894736842
851108,52,8153,21715,-15,1649649064,0.6666666666666666
851108,52,8153,21717,-14,1649649114,0.6666666666666666
851108,52,8153,21256,-5,1649649352,0.6666666666666666
851108,52,8153,null,-5,1649649534,0.6666666666666666
851109,52,8417,21683,-1,1649649662,0.9722222222222222
851109,52,8417,21684,-1,1649649684,0.9722222222222222
851109,52,8417,21686,-1,1649649692,0.9722222222222222
851109,52,8417,21687,-1,1649649712,0.9722222222222222
851109,52,8417,21688,-1,1649649732,0.9722222222222222
851109,52,8417,22217,-2,1649649772,0.9722222222222222
851109,52,8417,21689,-1,1649649792,0.9722222222222222
851109,52,8417,25982,-1,1649649802,0.9722222222222222
851109,52,8417,21691,-1,1649649814,0.9722222222222222
851109,52,8417,22218,-1,1649649853,0.9722222222222222
851109,52,8417,21692,-1,1649650001,0.9722222222222222
851109,52,8417,21695,-3,1649650011,0.9722222222222222
851109,52,8417,21696,-3,1649650034,0.9722222222222222
851109,52,8417,21697,-2,1649650064,0.9722222222222222
851109,52,8417,21698,-2,1649650102,0.9722222222222222
851109,52,8417,768,-2,1649650174,0.9722222222222222
851109,52,8417,769,-2,1649650192,0.9722222222222222
851109,52,8417,21701,-2,1649650212,0.9722222222222222
851109,52,8417,21702,-2,1649650272,0.9722222222222222
851109,52,8417,21703,-2,1649650282,0.9722222222222222
851109,52,8417,21704,-2,1649650304,0.9722222222222222
851109,52,8417,21705,-2,1649650322,0.9722222222222222
851109,52,8417,21706,-2,1649650342,0.9722222222222222
851109,52,8417,21707,-2,1649650381,0.9722222222222222
851109,52,8417,21708,-1,1649650401,0.9722222222222222
851109,52,8417,771,-2,1649650443,0.9722222222222222
851109,52,8417,21709,-2,1649650484,0.9722222222222222
851109,52,8417,21710,-2,1649650514,0.9722222222222222
851109,52,8417,21711,-2,1649650524,0.9722222222222222
851109,52,8417,21712,-2,1649650562,0.9722222222222222
851109,52,8417,21713,-2,1649650593,0.9722222222222222
851109,52,8417,21714,-3,1649650613,0.9722222222222222
851109,52,8417,776,-3,1649650624,0.9722222222222222
851109,52,8417,21715,-3,1649650692,0.9722222222222222
851109,52,8417,21716,-2,1649650714,0.9722222222222222
851174,52,3034,781,-1,1649649504,0.22580645161290322
851174,52,3034,22290,-1,1649649732,0.22580645161290322
851174,52,3034,21762,-1,1649649832,0.22580645161290322
851174,52,3034,21763,-2,1649649853,0.22580645161290322
851174,52,3034,21764,-2,1649649872,0.22580645161290322
851174,52,3034,21765,-2,1649649912,0.22580645161290322
851174,52,3034,21766,-2,1649649924,0.22580645161290322
851175,52,8153,317,-1,1649650014,0.7692307692307693
851175,52,8153,20743,-1,1649650053,0.7692307692307693
851175,52,8153,21728,-1,1649650064,0.7692307692307693
851175,52,8153,21730,-1,1649650102,0.7692307692307693
851175,52,8153,21731,-1,1649650172,0.7692307692307693
851175,52,8153,21735,-1,1649650304,0.7692307692307693
851175,52,8153,21736,-1,1649650322,0.7692307692307693
851175,52,8153,25520,-1,1649650342,0.7692307692307693
851175,52,8153,21737,-1,1649650401,0.7692307692307693
851175,52,8153,21738,-1,1649650431,0.7692307692307693
851175,52,8153,21739,-1,1649650443,0.7692307692307693
851175,52,8153,21740,-1,1649650472,0.7692307692307693
851175,52,8153,21741,-1,1649650484,0.7692307692307693
851175,52,8153,21742,-1,1649650504,0.7692307692307693
851175,52,8153,21743,-1,1649650542,0.7692307692307693
851175,52,8153,3574,-1,1649650562,0.7692307692307693
851175,52,8153,779,-2,1649650612,0.7692307692307693
851175,52,8153,21744,-2,1649650613,0.7692307692307693
851175,52,8153,21745,-2,1649650672,0.7692307692307693
851175,52,8153,780,-1,1649650704,0.7692307692307693
851554,53,3341,31631,-5,1649650192,0.11764705882352941
851554,53,3341,18593,-5,1649650202,0.11764705882352941
851554,53,3341,18594,-4,1649650222,0.11764705882352941
851554,53,3341,15231,-3,1649650303,0.11764705882352941
852181,54,3422,19006,-4,1649649114,0.5454545454545454
852181,54,3422,30885,-5,1649649192,0.5454545454545454
852181,54,3422,5602,-4,1649649242,0.5454545454545454
852181,54,3422,5598,-6,1649649294,0.5454545454545454
852181,54,3422,20596,-6,1649649712,0.5454545454545454
852181,54,3422,null,-3,1649650133,0.5454545454545454
852221,54,3422,20596,-3,1649650174,1.0
852221,54,3422,13113,-3,1649650202,1.0
852221,54,3422,13111,-4,1649650272,1.0
852221,54,3422,13115,-4,1649650321,1.0
852221,54,3422,13106,-3,1649650381,1.0
852221,54,3422,20513,-4,1649650442,1.0
852221,54,3422,21262,-4,1649650512,1.0
852221,54,3422,30805,-4,1649650562,1.0
852221,54,3422,20515,-5,1649650613,1.0
852221,54,3422,9382,-4,1649650691,1.0
852221,54,3422,30806,-4,1649650714,1.0
852616,55,7348,27466,-1,1649649052,0.5
852616,55,7348,20846,-10,1649649073,0.5
853196,56,8283,18096,-1,1649649132,0.8974358974358975
853196,56,8283,17989,-1,1649649192,0.8974358974358975
853196,56,8283,17990,-1,1649649203,0.8974358974358975
853196,56,8283,17993,-1,1649649223,0.8974358974358975
853196,56,8283,17994,-1,1649649242,0.8974358974358975
853196,56,8283,17997,-1,1649649274,0.8974358974358975
853196,56,8283,18006,-1,1649649401,0.8974358974358975
853196,56,8283,18012,-1,1649649404,0.8974358974358975
853196,56,8283,18016,-2,1649649431,0.8974358974358975
853196,56,8283,18018,-2,1649649433,0.8974358974358975
853196,56,8283,18134,-2,1649649443,0.8974358974358975
853196,56,8283,18020,-3,1649649471,0.8974358974358975
853196,56,8283,30928,-3,1649649491,0.8974358974358975
853196,56,8283,18143,-3,1649649503,0.8974358974358975
853196,56,8283,26247,-4,1649649541,0.8974358974358975
853196,56,8283,17708,-3,1649649612,0.8974358974358975
853196,56,8283,18036,-3,1649649662,0.8974358974358975
853196,56,8283,828,-3,1649649712,0.8974358974358975
853196,56,8283,18055,-2,1649649792,0.8974358974358975
853196,56,8283,18148,-2,1649649802,0.8974358974358975
853196,56,8283,18149,-2,1649649841,0.8974358974358975
853196,56,8283,18151,-1,1649649901,0.8974358974358975
853196,56,8283,18152,-2,1649649921,0.8974358974358975
853196,56,8283,18153,-2,1649649934,0.8974358974358975
853196,56,8283,829,-2,1649649971,0.8974358974358975
853196,56,8283,16399,-3,1649650011,0.8974358974358975
853196,56,8283,18154,-3,1649650033,0.8974358974358975
853196,56,8283,21261,-2,1649650082,0.8974358974358975
853196,56,8283,18211,-3,1649650133,0.8974358974358975
853196,56,8283,18213,-3,1649650154,0.8974358974358975
853196,56,8283,18214,-3,1649650202,0.8974358974358975
853196,56,8283,18216,-26,1649650271,0.8974358974358975
853196,56,8283,2843,-26,1649650321,0.8974358974358975
853196,56,8283,13905,-3,1649650431,0.8974358974358975
853196,56,8283,null,-3,1649650714,0.8974358974358975
853206,56,0,17896,-1,1649649073,0.782608695652174
853206,56,0,18201,-1,1649649084,0.782608695652174
853206,56,0,18202,-1,1649649103,0.782608695652174
853206,56,0,17576,-1,1649649113,0.782608695652174
853206,56,0,18203,-1,1649649143,0.782608695652174
853206,56,0,18204,-1,1649649163,0.782608695652174
853206,56,0,18205,-1,1649649192,0.782608695652174
853206,56,0,18206,-1,1649649203,0.782608695652174
853206,56,0,30289,-1,1649649274,0.782608695652174
853206,56,0,839,-2,1649649324,0.782608695652174
853206,56,0,17610,-2,1649649362,0.782608695652174
853206,56,0,17611,-2,1649649381,0.782608695652174
853206,56,0,17612,-2,1649649391,0.782608695652174
853206,56,0,17613,-2,1649649401,0.782608695652174
853206,56,0,17820,-3,1649649431,0.782608695652174
853206,56,0,18287,-3,1649649433,0.782608695652174
853206,56,0,17825,-2,1649649461,0.782608695652174
853206,56,0,17828,-3,1649649481,0.782608695652174
853206,56,0,17832,-3,1649649491,0.782608695652174
853206,56,0,17841,-2,1649649541,0.782608695652174
853206,56,0,17847,-2,1649649612,0.782608695652174
853206,56,0,486,-2,1649649662,0.782608695652174
853206,56,0,17858,-2,1649649692,0.782608695652174
853206,56,0,17908,-1,1649649712,0.782608695652174
853206,56,0,17910,-1,1649649732,0.782608695652174
853206,56,0,18210,-2,1649649792,0.782608695652174
853206,56,0,17914,-2,1649649813,0.782608695652174
853206,56,0,17915,-2,1649649853,0.782608695652174
853206,56,0,17916,-1,1649649901,0.782608695652174
853206,56,0,17917,-2,1649649911,0.782608695652174
853206,56,0,17918,-1,1649649971,0.782608695652174
853206,56,0,17919,-2,1649649991,0.782608695652174
853206,56,0,17920,-1,1649650022,0.782608695652174
853206,56,0,17922,-1,1649650063,0.782608695652174
853206,56,0,17924,-2,1649650102,0.782608695652174
853206,56,0,17927,-2,1649650112,0.782608695652174
853758,57,3089,841,-4,1649649712,1.0
853758,57,3089,17926,-5,1649649792,1.0
853758,57,3089,842,-5,1649649842,1.0
853758,57,3089,17932,-6,1649649902,1.0
853758,57,3089,17937,-5,1649649971,1.0
853758,57,3089,17939,-5,1649650022,1.0
853758,57,3089,843,-5,1649650082,1.0
853758,57,3089,17944,-4,1649650133,1.0
853758,57,3089,25242,-5,1649650202,1.0
853758,57,3089,17952,-5,1649650272,1.0
853758,57,3089,17956,-5,1649650321,1.0
853758,57,3089,15698,-6,1649650381,1.0
853758,57,3089,30868,-6,1649650442,1.0
853758,57,3089,17962,-5,1649650504,1.0
853758,57,3089,17965,-6,1649650562,1.0
853758,57,3089,17967,-6,1649650613,1.0
853758,57,3089,845,-5,1649650692,1.0
853758,57,3089,18051,-4,1649650714,1.0
853824,57,3089,17714,-4,1649649432,0.23529411764705882
853824,57,3089,17716,-4,1649649434,0.23529411764705882
853824,57,3089,17718,-4,1649649471,0.23529411764705882
853824,57,3089,841,-3,1649649533,0.23529411764705882
854396,58,3382,23103,-1,1649650562,0.3076923076923077
854396,58,3382,23105,-1,1649650581,0.3076923076923077
854396,58,3382,23107,-1,1649650611,0.3076923076923077
854396,58,3382,23108,-1,1649650613,0.3076923076923077
854396,58,3382,23109,-1,1649650624,0.3076923076923077
854396,58,3382,23110,-1,1649650651,0.3076923076923077
854396,58,3382,23111,-1,1649650703,0.3076923076923077
854396,58,3382,23113,-1,1649650713,0.3076923076923077
854437,58,8192,1097,-1,1649649242,1.0
854437,58,8192,22627,-1,1649649261,1.0
854437,58,8192,22628,-1,1649649274,1.0
854437,58,8192,23231,-1,1649649294,1.0
854437,58,8192,23232,-1,1649649324,1.0
854437,58,8192,23233,-1,1649649361,1.0
854437,58,8192,23234,-1,1649649381,1.0
854437,58,8192,23235,-1,1649649401,1.0
854437,58,8192,23237,-1,1649649421,1.0
854437,58,8192,23238,-2,1649649431,1.0
854437,58,8192,23239,-2,1649649433,1.0
854437,58,8192,879,-2,1649649443,1.0
854437,58,8192,23241,-2,1649649471,1.0
854437,58,8192,878,-2,1649649493,1.0
854437,58,8192,23242,-2,1649649503,1.0
854437,58,8192,880,-2,1649649541,1.0
854437,58,8192,26154,-3,1649649561,1.0
854437,58,8192,26155,-3,1649649571,1.0
854437,58,8192,1489,-3,1649649581,1.0
854437,58,8192,23245,-3,1649649612,1.0
854437,58,8192,26159,-2,1649649642,1.0
854437,58,8192,26162,-2,1649649662,1.0
854437,58,8192,23251,-3,1649649712,1.0
854437,58,8192,23254,-3,1649649791,1.0
854437,58,8192,23255,-3,1649649841,1.0
854437,58,8192,23258,-3,1649649901,1.0
854437,58,8192,23261,-3,1649649971,1.0
854437,58,8192,23262,-3,1649650022,1.0
854437,58,8192,26165,-2,1649650082,1.0
854437,58,8192,882,-3,1649650133,1.0
854437,58,8192,23278,-3,1649650144,1.0
854437,58,8192,23279,-3,1649650202,1.0
854437,58,8192,23283,-3,1649650271,1.0
854437,58,8192,1488,-4,1649650321,1.0
854437,58,8192,23288,-4,1649650381,1.0
854437,58,8192,30997,-5,1649650442,1.0
854437,58,8192,505,-5,1649650454,1.0
855755,6,3426,10940,-3,1649649471,0.25
855755,6,3426,11624,-2,1649649503,0.25
855755,6,3426,11623,-1,1649649591,0.25
855755,6,3426,null,-1,1649649652,0.25
855806,6,3426,382,-1,1649649662,0.7619047619047619
855806,6,3426,19064,-1,1649649753,0.7619047619047619
855806,6,3426,16595,-1,1649649782,0.7619047619047619
855806,6,3426,11217,-1,1649649792,0.7619047619047619
855806,6,3426,30810,-1,1649649813,0.7619047619047619
855806,6,3426,14889,-1,1649649832,0.7619047619047619
855806,6,3426,5756,-1,1649649842,0.7619047619047619
855806,6,3426,14890,-2,1649649871,0.7619047619047619
855806,6,3426,11132,-2,1649649911,0.7619047619047619
855806,6,3426,11133,-1,1649649944,0.7619047619047619
855806,6,3426,84,-2,1649650001,0.7619047619047619
855806,6,3426,85,-2,1649650011,0.7619047619047619
855806,6,3426,11103,-2,1649650033,0.7619047619047619
855806,6,3426,11105,-4,1649650053,0.7619047619047619
855806,6,3426,86,-4,1649650082,0.7619047619047619
855806,6,3426,11122,-4,1649650133,0.7619047619047619
856680,60,7316,341,-2,1649650704,1.0
856680,60,7316,12196,-2,1649650714,1.0
856683,60,7387,4356,-3,1649649024,0.9642857142857143
856683,60,7387,4360,-2,1649649052,0.9642857142857143
856683,60,7387,3739,-3,1649649074,0.9642857142857143
856683,60,7387,15003,-3,1649649094,0.9642857142857143
856683,60,7387,4366,-3,1649649114,0.9642857142857143
856683,60,7387,4367,-2,1649649192,0.9642857142857143
856683,60,7387,4365,-3,1649649242,0.9642857142857143
856683,60,7387,4361,-2,1649649294,0.9642857142857143
856683,60,7387,4357,-3,1649649372,0.9642857142857143
856683,60,7387,3740,-3,1649649432,0.9642857142857143
856683,60,7387,4342,-3,1649649481,0.9642857142857143
856683,60,7387,15004,-3,1649649541,0.9642857142857143
856683,60,7387,20599,-3,1649649612,0.9642857142857143
856683,60,7387,4353,-2,1649649662,0.9642857142857143
856683,60,7387,3744,-2,1649649712,0.9642857142857143
856683,60,7387,20600,-2,1649649792,0.9642857142857143
856683,60,7387,4328,-2,1649649813,0.9642857142857143
856683,60,7387,4329,-2,1649649853,0.9642857142857143
856683,60,7387,4330,-2,1649649911,0.9642857142857143
856683,60,7387,4331,-3,1649649944,0.9642857142857143
856683,60,7387,4332,-3,1649649991,0.9642857142857143
856683,60,7387,4335,-2,1649650022,0.9642857142857143
856683,60,7387,4337,-3,1649650082,0.9642857142857143
856683,60,7387,898,-3,1649650133,0.9642857142857143
856683,60,7387,275,-4,1649650202,0.9642857142857143
856683,60,7387,4346,-3,1649650272,0.9642857142857143
856683,60,7387,30112,-1,1649650371,0.9642857142857143
857151,61,8245,18413,-2,1649650303,0.3333333333333333
857151,61,8245,18414,-2,1649650361,0.3333333333333333
857151,61,8245,18415,-2,1649650371,0.3333333333333333
857151,61,8245,18416,-2,1649650381,0.3333333333333333
857151,61,8245,18419,-3,1649650411,0.3333333333333333
857151,61,8245,12293,-4,1649650442,0.3333333333333333
857151,61,8245,12307,-4,1649650454,0.3333333333333333
857151,61,8245,18426,-3,1649650512,0.3333333333333333
857151,61,8245,913,-3,1649650562,0.3333333333333333
857151,61,8245,18430,-3,1649650613,0.3333333333333333
857151,61,8245,18432,-3,1649650691,0.3333333333333333
857151,61,8245,18434,-3,1649650714,0.3333333333333333
857188,61,8271,30906,-1,1649649052,0.8695652173913043
857188,61,8271,18003,-1,1649649103,0.8695652173913043
857188,61,8271,30877,-1,1649649132,0.8695652173913043
857188,61,8271,920,-1,1649649143,0.8695652173913043
857188,61,8271,18008,-1,1649649163,0.8695652173913043
857188,61,8271,21626,-1,1649649274,0.8695652173913043
857188,61,8271,18014,-1,1649649314,0.8695652173913043
857188,61,8271,32269,-1,1649649362,0.8695652173913043
857188,61,8271,2,-1,1649649481,0.8695652173913043
857188,61,8271,16028,-1,1649649503,0.8695652173913043
857188,61,8271,30907,-1,1649649541,0.8695652173913043
857188,61,8271,16034,-1,1649649561,0.8695652173913043
857188,61,8271,16036,-1,1649649571,0.8695652173913043
857188,61,8271,16037,-1,1649649591,0.8695652173913043
857188,61,8271,16039,-1,1649649642,0.8695652173913043
857188,61,8271,16040,-1,1649649662,0.8695652173913043
857188,61,8271,30908,-26,1649649743,0.8695652173913043
857188,61,8271,30909,-26,1649649772,0.8695652173913043
857188,61,8271,909,-1,1649649871,0.8695652173913043
857188,61,8271,null,-1,1649650714,0.8695652173913043
858290,65,3010,14060,-3,1649649064,0.6666666666666666
858290,65,3010,14059,-3,1649649114,0.6666666666666666
858290,65,3010,5805,-3,1649649294,0.6666666666666666
858290,65,3010,null,-1,1649649732,0.6666666666666666
858377,65,3010,5805,-1,1649649792,1.0
858377,65,3010,16447,-1,1649649802,1.0
858377,65,3010,16448,-2,1649649853,1.0
858377,65,3010,20553,-2,1649649902,1.0
858377,65,3010,14057,-2,1649649922,1.0
858377,65,3010,14064,-3,1649649971,1.0
858377,65,3010,20556,-2,1649650082,1.0
858377,65,3010,20557,-3,1649650133,1.0
858377,65,3010,12305,-3,1649650192,1.0
858377,65,3010,12324,-3,1649650272,1.0
858377,65,3010,17345,-3,1649650322,1.0
858377,65,3010,30596,-3,1649650443,1.0
858377,65,3010,703,-3,1649650562,1.0
858377,65,3010,20558,-3,1649650613,1.0
858377,65,3010,6255,-2,1649650692,1.0
858377,65,3010,952,-2,1649650714,1.0
859208,66,817,1007,-1,1649649541,0.2916666666666667
859208,66,817,1138,-1,1649649581,0.2916666666666667
859208,66,817,959,-1,1649649612,0.2916666666666667
859208,66,817,1145,-1,1649649642,0.2916666666666667
859208,66,817,1159,-1,1649649662,0.2916666666666667
859208,66,817,21942,-8,1649649712,0.2916666666666667
859208,66,817,21941,-1,1649649841,0.2916666666666667
859675,67,3276,22839,-1,1649650371,0.7692307692307693
859675,67,3276,22840,-1,1649650411,0.7692307692307693
859675,67,3276,22841,-2,1649650431,0.7692307692307693
859675,67,3276,22842,-2,1649650482,0.7692307692307693
859675,67,3276,22843,-2,1649650484,0.7692307692307693
859675,67,3276,389,-2,1649650613,0.7692307692307693
859675,67,3276,15740,-2,1649650691,0.7692307692307693
859675,67,3276,22852,-1,1649650701,0.7692307692307693
859675,67,3276,22853,-1,1649650704,0.7692307692307693
859675,67,3276,22854,-1,1649650714,0.7692307692307693
859676,67,8395,22878,-1,1649649023,0.6666666666666666
859676,67,8395,32100,-1,1649649052,0.6666666666666666
859676,67,8395,973,-1,1649649073,0.6666666666666666
859676,67,8395,26154,-1,1649649103,0.6666666666666666
859721,67,8395,22959,-1,1649650011,0.8055555555555556
859721,67,8395,22961,-1,1649650022,0.8055555555555556
859721,67,8395,22962,-1,1649650033,0.8055555555555556
859721,67,8395,22963,-1,1649650053,0.8055555555555556
859721,67,8395,22964,-1,1649650063,0.8055555555555556
859721,67,8395,22965,-1,1649650082,0.8055555555555556
859721,67,8395,22970,-1,1649650221,0.8055555555555556
859721,67,8395,27956,-1,1649650251,0.8055555555555556
859721,67,8395,27955,-1,1649650271,0.8055555555555556
859721,67,8395,22972,-1,1649650281,0.8055555555555556
859721,67,8395,22973,-1,1649650303,0.8055555555555556
859721,67,8395,27958,-1,1649650321,0.8055555555555556
859721,67,8395,22976,-1,1649650341,0.8055555555555556
859721,67,8395,985,-2,1649650381,0.8055555555555556
859721,67,8395,22980,-1,1649650401,0.8055555555555556
859721,67,8395,22981,-1,1649650421,0.8055555555555556
859721,67,8395,22982,-1,1649650431,0.8055555555555556
859721,67,8395,16429,-1,1649650472,0.8055555555555556
859721,67,8395,22983,-2,1649650484,0.8055555555555556
859721,67,8395,6426,-1,1649650513,0.8055555555555556
859721,67,8395,17501,-1,1649650523,0.8055555555555556
859721,67,8395,21268,-2,1649650602,0.8055555555555556
859721,67,8395,22985,-2,1649650611,0.8055555555555556
859721,67,8395,22986,-2,1649650624,0.8055555555555556
859721,67,8395,22987,-2,1649650671,0.8055555555555556
859721,67,8395,22988,-2,1649650691,0.8055555555555556
859721,67,8395,22989,-1,1649650701,0.8055555555555556
859721,67,8395,22990,-1,1649650703,0.8055555555555556
859721,67,8395,22991,-1,1649650713,0.8055555555555556
860282,7,3437,30083,-1,1649650252,0.20967741935483872
860282,7,3437,24548,-1,1649650292,0.20967741935483872
860282,7,3437,24549,-1,1649650303,0.20967741935483872
860282,7,3437,24550,-1,1649650321,0.20967741935483872
860282,7,3437,95,-1,1649650341,0.20967741935483872
860282,7,3437,96,-1,1649650381,0.20967741935483872
860282,7,3437,24551,-1,1649650384,0.20967741935483872
860282,7,3437,24555,-1,1649650634,0.20967741935483872
860282,7,3437,24556,-5,1649650672,0.20967741935483872
860282,7,3437,18577,-5,1649650692,0.20967741935483872
860282,7,3437,18578,-5,1649650701,0.20967741935483872
860282,7,3437,24347,-5,1649650704,0.20967741935483872
860282,7,3437,99,-5,1649650714,0.20967741935483872
860837,70,3181,26504,-1,1649649541,0.723404255319149
860837,70,3181,30986,-1,1649649581,0.723404255319149
860837,70,3181,1023,-1,1649649612,0.723404255319149
860837,70,3181,17681,-1,1649649632,0.723404255319149
860837,70,3181,6478,-1,1649649642,0.723404255319149
860837,70,3181,1024,-1,1649649692,0.723404255319149
860837,70,3181,6454,-1,1649649732,0.723404255319149
860837,70,3181,17683,-1,1649649743,0.723404255319149
860837,70,3181,17686,-1,1649649753,0.723404255319149
860837,70,3181,1025,-2,1649649801,0.723404255319149
860837,70,3181,17689,-2,1649649813,0.723404255319149
860837,70,3181,6484,-2,1649649831,0.723404255319149
860837,70,3181,17690,-2,1649649841,0.723404255319149
860837,70,3181,17691,-2,1649649853,0.723404255319149
860837,70,3181,1027,-2,1649649901,0.723404255319149
860837,70,3181,17695,-3,1649649971,0.723404255319149
860837,70,3181,1028,-2,1649650022,0.723404255319149
860837,70,3181,17700,-2,1649650082,0.723404255319149
860837,70,3181,22811,-1,1649650112,0.723404255319149
860837,70,3181,22812,-1,1649650132,0.723404255319149
860837,70,3181,22813,-1,1649650133,0.723404255319149
860837,70,3181,22814,-1,1649650144,0.723404255319149
860837,70,3181,22815,-1,1649650172,0.723404255319149
860837,70,3181,22816,-1,1649650174,0.723404255319149
860837,70,3181,22817,-1,1649650221,0.723404255319149
860837,70,3181,22818,-1,1649650251,0.723404255319149
860837,70,3181,22821,-1,1649650271,0.723404255319149
860837,70,3181,22822,-1,1649650291,0.723404255319149
860837,70,3181,22824,-2,1649650303,0.723404255319149
860837,70,3181,26506,-1,1649650361,0.723404255319149
860837,70,3181,26507,-1,1649650371,0.723404255319149
860837,70,3181,22825,-1,1649650381,0.723404255319149
860837,70,3181,26508,-1,1649650384,0.723404255319149
860837,70,3181,22828,-1,1649650484,0.723404255319149
861274,73,3520,341,-1,1649650271,0.045454545454545456
863241,89,8241,null,-1,1649649042,1.0
863241,89,8241,17893,-4,1649649294,1.0
863241,89,8241,17894,-5,1649649371,1.0
863241,89,8241,30927,-5,1649649431,1.0
863241,89,8241,17897,-5,1649649481,1.0
863241,89,8241,17898,-5,1649649541,1.0
863241,89,8241,1135,-5,1649649612,1.0
863241,89,8241,17902,-5,1649649662,1.0
863241,89,8241,17905,-5,1649649712,1.0
863241,89,8241,17907,-5,1649649792,1.0
863775,9,3429,12278,-2,1649649024,0.8947368421052632
863775,9,3429,12336,-2,1649649052,0.8947368421052632
863775,9,3429,14892,-2,1649649074,0.8947368421052632
863775,9,3429,14893,-2,1649649104,0.8947368421052632
863775,9,3429,12331,-2,1649649114,0.8947368421052632
863775,9,3429,16020,-2,1649649132,0.8947368421052632
863775,9,3429,16021,-2,1649649143,0.8947368421052632
863775,9,3429,12302,-2,1649649192,0.8947368421052632
863775,9,3429,16064,-2,1649649242,0.8947368421052632
863775,9,3429,604,-2,1649649294,0.8947368421052632
863775,9,3429,16068,-2,1649649372,0.8947368421052632
863775,9,3429,16072,-3,1649649381,0.8947368421052632
863775,9,3429,20408,-3,1649649431,0.8947368421052632
863775,9,3429,12329,-3,1649649481,0.8947368421052632
863775,9,3429,16079,-27,1649649541,0.8947368421052632
863775,9,3429,19281,-3,1649649842,0.8947368421052632
863775,9,3429,null,-3,1649650714,0.8947368421052632
864375,BLVDDIR,8685,22898,-2,1649649063,1.0
864375,BLVDDIR,8685,22905,-2,1649649294,1.0
864375,BLVDDIR,8685,22,-2,1649649431,1.0
864375,BLVDDIR,8685,21204,-2,1649649674,1.0
865877,J,3133,null,-1,1649649113,1.0
865898,J,3133,21954,-1,1649649381,0.95
865898,J,3133,15664,-1,1649649401,0.95
865898,J,3133,15665,-1,1649649433,0.95
865898,J,3133,15666,-1,1649649461,0.95
865898,J,3133,213,-2,1649649541,0.95
865898,J,3133,24357,-2,1649649581,0.95
865898,J,3133,24358,-2,1649649642,0.95
865898,J,3133,24368,-2,1649649662,0.95
865898,J,3133,24370,-2,1649649692,0.95
865898,J,3133,24371,-2,1649649712,0.95
865898,J,3133,215,-2,1649649871,0.95
865898,J,3133,24412,-2,1649649901,0.95
865898,J,3133,24413,-2,1649649911,0.95
865898,J,3133,24414,-2,1649649924,0.95
865898,J,3133,24415,-2,1649649934,0.95
865898,J,3133,24416,-2,1649649961,0.95
865898,J,3133,24417,-2,1649649971,0.95
865898,J,3133,24418,-2,1649649991,0.95
865898,J,3133,216,-2,1649650053,0.95
865898,J,3133,24421,-2,1649650063,0.95
865898,J,3133,24422,-2,1649650082,0.95
865898,J,3133,24423,-2,1649650133,0.95
865898,J,3133,24425,-2,1649650154,0.95
865898,J,3133,24427,-2,1649650174,0.95
865898,J,3133,24428,-2,1649650192,0.95
865898,J,3133,118,-2,1649650221,0.95
865898,J,3133,30949,-2,1649650251,0.95
865898,J,3133,119,-2,1649650291,0.95
865898,J,3133,23313,-2,1649650303,0.95
865898,J,3133,23314,-2,1649650371,0.95
865898,J,3133,23316,-2,1649650401,0.95
865898,J,3133,30824,-2,1649650482,0.95
865898,J,3133,23319,-2,1649650602,0.95
865898,J,3133,24450,-2,1649650634,0.95
865898,J,3133,24452,-2,1649650671,0.95
865898,J,3133,17911,-2,1649650701,0.95
865898,J,3133,17912,-2,1649650704,0.95
865898,J,3133,27817,-2,1649650714,0.95
866976,L,8247,382,-1,1649649662,1.0
866976,L,8247,16595,-1,1649649692,1.0
866976,L,8247,19061,-1,1649649712,1.0
866976,L,8247,15458,-1,1649649732,1.0
866976,L,8247,15447,-1,1649649743,1.0
866976,L,8247,15496,-1,1649649792,1.0
866976,L,8247,15499,-1,1649649832,1.0
866976,L,8247,15501,-1,1649649853,1.0
866976,L,8247,15502,-1,1649649901,1.0
866976,L,8247,15507,-1,1649649921,1.0
866976,L,8247,15508,-1,1649649934,1.0
866976,L,8247,15511,-1,1649649991,1.0
866976,L,8247,15528,-1,1649650011,1.0
866976,L,8247,15529,-1,1649650033,1.0
866976,L,8247,232,-1,1649650133,1.0
866976,L,8247,15546,-1,1649650154,1.0
866976,L,8247,15552,-1,1649650192,1.0
866976,L,8247,15554,-1,1649650222,1.0
866976,L,8247,15557,-1,1649650252,1.0
866976,L,8247,19062,-1,1649650321,1.0
866976,L,8247,15583,-1,1649650371,1.0
866976,L,8247,15589,-1,1649650401,1.0
866976,L,8247,15592,-1,1649650411,1.0
866976,L,8247,15599,-1,1649650421,1.0
866976,L,8247,237,-1,1649650512,1.0
866976,L,8247,15614,-1,1649650513,1.0
866976,L,8247,15616,-1,1649650523,1.0
866976,L,8247,26524,-1,1649650562,1.0
866976,L,8247,15617,-1,1649650582,1.0
866976,L,8247,15618,-1,1649650613,1.0
866976,L,8247,15619,-1,1649650624,1.0
866976,L,8247,15620,-1,1649650651,1.0
866976,L,8247,15621,-1,1649650714,1.0
867064,L,8247,null,-2,1649649533,1.0
867112,MARKET-FRANKFORD OWL,7369,25421,-1,1649650361,0.8333333333333334
867112,MARKET-FRANKFORD OWL,7369,24129,-1,1649650431,0.8333333333333334
867112,MARKET-FRANKFORD OWL,7369,19013,-1,1649650562,0.8333333333333334
867112,MARKET-FRANKFORD OWL,7369,19014,-1,1649650701,0.8333333333333334
867112,MARKET-FRANKFORD OWL,7369,51,-1,1649650713,0.8333333333333334
867778,R,3280,23304,-2,1649649023,0.06666666666666667
867778,R,3280,23305,-1,1649649073,0.06666666666666667
867854,R,3524,22401,-3,1649649063,1.0
867854,R,3524,8712,-3,1649649113,1.0
867854,R,3524,22403,-3,1649649192,1.0
867854,R,3524,48,-3,1649649242,1.0
867854,R,3524,22404,-3,1649649294,1.0
867854,R,3524,23268,-4,1649649371,1.0
867854,R,3524,4,-3,1649649431,1.0
867854,R,3524,22406,-3,1649649481,1.0
867854,R,3524,23307,-3,1649649541,1.0
867854,R,3524,23308,-5,1649649612,1.0
867854,R,3524,23309,-5,1649649662,1.0
867854,R,3524,22407,-5,1649649712,1.0
867854,R,3524,23312,-5,1649649792,1.0
867854,R,3524,23313,-5,1649649841,1.0
867854,R,3524,23314,-5,1649649901,1.0
867854,R,3524,23316,-5,1649649971,1.0
867854,R,3524,23771,-5,1649650053,1.0
867854,R,3524,null,-5,1649650714,1.0
868276,XH,8551,136,-2,1649649073,1.0
870180,49,8525,32485,-17,1649649024,0.5
870180,49,8525,32486,-16,1649649052,0.5
870227,49,8526,null,-2,1649650192,1.0
871870,10,9099,null,-1,1649650272,1.0
873318,15,8480,341,-1,1649650562,0.5714285714285714
873318,15,8480,12196,-1,1649650582,0.5714285714285714
873318,15,8480,30799,-1,1649650612,0.5714285714285714
873318,15,8480,4358,-1,1649650613,0.5714285714285714
873382,15,8080,null,-14,1649649402,0.5
873418,15,8480,21082,-4,1649649064,0.68
873418,15,8480,21083,-4,1649649114,0.68
873418,15,8480,352,-4,1649649192,0.68
873418,15,8480,21086,-4,1649649242,0.68
873418,15,8480,21090,-4,1649649294,0.68
873418,15,8480,21091,-5,1649649372,0.68
873418,15,8480,21093,-3,1649649432,0.68
873418,15,8480,21095,-5,1649649482,0.68
873418,15,8480,20978,-3,1649649612,0.68
873418,15,8480,24038,-4,1649649712,0.68
873418,15,8480,31347,-3,1649649792,0.68
873418,15,8480,21100,-2,1649649842,0.68
873418,15,8480,21103,-1,1649649902,0.68
873418,15,8480,22033,-1,1649650014,0.68
873418,15,8480,17813,-1,1649650113,0.68
873418,15,8480,17815,-1,1649650174,0.68
873418,15,8480,17817,-1,1649650252,0.68
873419,15,8154,21067,-1,1649650484,0.36363636363636365
873419,15,8154,21068,-1,1649650504,0.36363636363636365
873419,15,8154,21069,-1,1649650562,0.36363636363636365
873419,15,8154,21072,-1,1649650582,0.36363636363636365
873419,15,8154,21073,-2,1649650612,0.36363636363636365
873419,15,8154,21075,-1,1649650634,0.36363636363636365
873419,15,8154,21078,-1,1649650692,0.36363636363636365
873419,15,8154,21079,-2,1649650714,0.36363636363636365
899520,13,9014,20788,-1,1649649042,0.6875
899520,13,9014,320,-1,1649649104,0.6875
899520,13,9014,20793,-1,1649649144,0.6875
899520,13,9014,20795,-1,1649649223,0.6875
899520,13,9014,20796,-1,1649649242,0.6875
899520,13,9014,321,-1,1649649392,0.6875
899520,13,9014,20790,-1,1649649404,0.6875
899520,13,9014,20799,-1,1649649434,0.6875
899520,13,9014,20800,-1,1649649462,0.6875
899520,13,9014,20801,-1,1649649493,0.6875
899520,13,9014,20802,-1,1649649503,0.6875
899649,13,9012,null,-4,1649649674,1.0
900701,34,9043,20880,-1,1649650063,0.7647058823529411
900701,34,9043,20881,-1,1649650082,0.7647058823529411
900701,34,9043,20882,-1,1649650102,0.7647058823529411
900701,34,9043,20884,-1,1649650113,0.7647058823529411
900701,34,9043,20885,-1,1649650144,0.7647058823529411
900701,34,9043,601,-2,1649650172,0.7647058823529411
900701,34,9043,20886,-1,1649650192,0.7647058823529411
900701,34,9043,20887,-2,1649650252,0.7647058823529411
900701,34,9043,20888,-2,1649650292,0.7647058823529411
900701,34,9043,20889,-2,1649650303,0.7647058823529411
900701,34,9043,20890,-2,1649650322,0.7647058823529411
900701,34,9043,20891,-2,1649650381,0.7647058823529411
900701,34,9043,20893,-4,1649650442,0.7647058823529411
900723,34,9004,null,-3,1649650454,1.0
901781,36,9018,20729,-3,1649649064,0.3333333333333333
901922,36,9016,20904,-3,1649649064,1.0
901922,36,9016,20906,-3,1649649114,1.0
901922,36,9016,20908,-3,1649649192,1.0
901922,36,9016,20910,-3,1649649242,1.0
901922,36,9016,20913,-4,1649649294,1.0
901922,36,9016,20914,-3,1649649372,1.0
901922,36,9016,20916,-2,1649649432,1.0
901922,36,9016,20918,-3,1649649482,1.0
901922,36,9016,610,-2,1649649542,1.0
901922,36,9016,20920,-2,1649649612,1.0
901922,36,9016,20921,-3,1649649662,1.0
901922,36,9016,20922,-2,1649649732,1.0
905209,11,8070,21248,-3,1649649482,0.5
905272,11,8070,21248,-1,1649649944,1.0
905272,11,8070,20737,-4,1649650322,1.0
905272,11,8070,20739,-4,1649650362,1.0
905272,11,8070,20740,-3,1649650442,1.0
905272,11,8070,302,-3,1649650504,1.0
905272,11,8070,20742,-3,1649650562,1.0
905272,11,8070,20744,-3,1649650613,1.0
905272,11,8070,20746,-2,1649650692,1.0
905272,11,8070,20747,-3,1649650714,1.0
