814990,103,8513,21675,-30,1650410424,0:25:00
814991,103,3267,18872,-18,1650416212,0:25:00
814991,103,3267,18880,-6,1650416632,0:25:00
814993,103,3267,18875,-9,1650409854,0:25:00
814993,103,3267,18877,-8,1650409914,0:25:00
814993,103,3267,30684,-8,1650409928,0:25:00
814993,103,3267,18878,-7,1650409974,0:25:00
815029,103,8515,2024,-55,1650415154,0:41:00
815322,104,3261,null,-58,1650401495,0:31:00
815327,104,3083,18678,-6,1650402416,0:30:00
815327,104,3083,18679,-7,1650402495,0:30:00
815327,104,3083,30335,-7,1650402505,0:30:00
815327,104,3083,18681,-7,1650402535,0:30:00
815327,104,3083,30478,-7,1650402550,0:30:00
815327,104,3083,18684,-7,1650402595,0:30:00
815327,104,3083,18685,-7,1650402611,0:30:00
815327,104,3083,18686,-7,1650402653,0:30:00
815327,104,3083,18688,-9,1650402715,0:30:00
815327,104,3083,18689,-9,1650402775,0:30:00
815327,104,3083,18690,-9,1650402789,0:30:00
815327,104,3083,18691,-9,1650402835,0:30:00
815327,104,3083,18692,-9,1650402895,0:30:00
815327,104,3083,1987,-8,1650402955,0:30:00
815327,104,3083,18693,-8,1650402970,0:30:00
815327,104,3083,18694,-8,1650402970,0:30:00
815327,104,3083,30783,-9,1650403035,0:30:00
815327,104,3083,18697,-9,1650403043,0:30:00
815327,104,3083,18698,-10,1650403075,0:30:00
815327,104,3083,30784,-10,1650403093,0:30:00
815327,104,3083,29741,-10,1650403135,0:30:00
815327,104,3083,18699,-10,1650403195,0:30:00
815327,104,3083,18700,-11,1650403255,0:30:00
815327,104,3083,18701,-11,1650403269,0:30:00
815327,104,3083,18702,-10,1650403315,0:30:00
815327,104,3083,18704,-10,1650403330,0:30:00
815327,104,3083,18705,-10,1650403330,0:30:00
815327,104,3083,18706,-10,1650403375,0:30:00
815327,104,3083,1988,-10,1650403435,0:30:00
815327,104,3083,18708,-10,1650403450,0:30:00
815327,104,3083,18709,-10,1650403495,0:30:00
815327,104,3083,18710,-10,1650403556,0:30:00
815327,104,3083,18711,-9,1650403615,0:30:00
815327,104,3083,30479,-9,1650403630,0:30:00
815327,104,3083,18712,-10,1650403675,0:30:00
815327,104,3083,29742,-10,1650403689,0:30:00
815327,104,3083,18713,-10,1650403735,0:30:00
815327,104,3083,18714,-10,1650403749,0:30:00
815327,104,3083,18715,-11,1650403795,0:30:00
815327,104,3083,18716,-10,1650403855,0:30:00
815327,104,3083,18717,-10,1650403870,0:30:00
815327,104,3083,18718,-10,1650403914,0:30:00
815327,104,3083,1989,-10,1650403929,0:30:00
815327,104,3083,18719,-10,1650403975,0:30:00
815327,104,3083,2225,-9,1650404169,0:30:00
815327,104,3083,18720,-9,1650404175,0:30:00
815327,104,3083,18721,-9,1650404215,0:30:00
815327,104,3083,18723,-8,1650404289,0:30:00
815327,104,3083,18725,-8,1650404335,0:30:00
815327,104,3083,18726,-9,1650404410,0:30:00
815327,104,3083,14820,-9,1650405042,0:30:00
815345,104,3462,18733,-25,1650377092,0:30:00
815370,104,3266,1989,-6,1650392455,0:30:00
815370,104,3266,18719,-6,1650392472,0:30:00
815370,104,3266,30146,-6,1650392994,0:30:00
815370,104,3266,14820,-6,1650393474,0:30:00
815371,104,3083,18673,-37,1650412986,0:30:00
815371,104,3083,18674,-37,1650412986,0:30:00
815371,104,3083,18675,-36,1650413047,0:30:00
815371,104,3083,18676,-35,1650413105,0:30:00
815371,104,3083,18677,-35,1650413114,0:30:00
815371,104,3083,18678,-34,1650413154,0:30:00
815377,104,3083,18827,-23,1650392814,0:17:00
815377,104,3083,18828,-23,1650392827,0:17:00
815377,104,3083,18829,-23,1650392827,0:17:00
815383,104,0,18829,-22,1650394714,0:56:00
815383,104,0,18830,-22,1650394714,0:56:00
815388,104,8355,18754,-10,1650399802,0:17:00
815388,104,8355,18755,-10,1650399802,0:17:00
815388,104,8355,29718,-10,1650399802,0:17:00
815388,104,8355,18756,-10,1650399802,0:17:00
815388,104,8355,29719,-10,1650399802,0:17:00
815388,104,8355,18757,-10,1650399802,0:17:00
815388,104,8355,18758,-10,1650399802,0:17:00
815388,104,8355,18759,-10,1650399802,0:17:00
815388,104,8355,18760,-10,1650399802,0:17:00
815388,104,8355,1993,-10,1650399802,0:17:00
815388,104,8355,18762,-10,1650399802,0:17:00
815388,104,8355,18763,-10,1650399802,0:17:00
815388,104,8355,18764,-10,1650399802,0:17:00
815388,104,8355,18765,-10,1650399802,0:17:00
815388,104,8355,18766,-10,1650399802,0:17:00
815388,104,8355,18767,-10,1650399802,0:17:00
815388,104,8355,18768,-10,1650399802,0:17:00
815388,104,8355,18769,-10,1650399802,0:17:00
815388,104,8355,29720,-10,1650399802,0:17:00
815388,104,8355,29721,-10,1650399802,0:17:00
815388,104,8355,18770,-10,1650399802,0:17:00
815388,104,8355,18772,-10,1650399802,0:17:00
815388,104,8355,18773,-10,1650399802,0:17:00
815388,104,8355,18774,-10,1650399802,0:17:00
815388,104,8355,18775,-10,1650399802,0:17:00
815388,104,8355,1994,-10,1650399802,0:17:00
815388,104,8355,18776,-10,1650399802,0:17:00
815388,104,8355,18777,-10,1650399802,0:17:00
815388,104,8355,18778,-10,1650399802,0:17:00
815388,104,8355,18779,-10,1650399802,0:17:00
815388,104,8355,30674,-10,1650399802,0:17:00
815388,104,8355,18780,-10,1650399802,0:17:00
815388,104,8355,18782,-10,1650399802,0:17:00
815388,104,8355,18783,-10,1650399802,0:17:00
815388,104,8355,18784,-10,1650399802,0:17:00
815388,104,8355,18785,-10,1650399802,0:17:00
815388,104,8355,18787,-10,1650399802,0:17:00
815388,104,8355,18788,-10,1650399802,0:17:00
815388,104,8355,18789,-10,1650399802,0:17:00
815388,104,8355,1995,-10,1650399802,0:17:00
815388,104,8355,18790,-10,1650399802,0:17:00
815388,104,8355,18791,-10,1650399802,0:17:00
815388,104,8355,18792,-10,1650399802,0:17:00
815388,104,8355,18793,-10,1650399802,0:17:00
815388,104,8355,18794,-10,1650399802,0:17:00
815388,104,8355,18795,-10,1650399802,0:17:00
815388,104,8355,18796,-10,1650399802,0:17:00
815388,104,8355,18798,-10,1650399802,0:17:00
815388,104,8355,18799,-10,1650399802,0:17:00
815388,104,8355,18800,-10,1650399802,0:17:00
815388,104,8355,18801,-10,1650399802,0:17:00
815388,104,8355,18802,-10,1650399802,0:17:00
815388,104,8355,1996,-10,1650399802,0:17:00
815388,104,8355,18803,-10,1650399802,0:17:00
815388,104,8355,18804,-10,1650399802,0:17:00
815388,104,8355,18805,-10,1650399802,0:17:00
815388,104,8355,18806,-10,1650399802,0:17:00
815388,104,8355,2200,-10,1650399802,0:17:00
815388,104,8355,18807,-10,1650399802,0:17:00
815388,104,8355,18808,-10,1650399802,0:17:00
815388,104,8355,18809,-10,1650399802,0:17:00
815388,104,8355,18810,-10,1650399802,0:17:00
815388,104,8355,1998,-10,1650399802,0:17:00
815388,104,8355,18811,-10,1650399802,0:17:00
815388,104,8355,18812,-10,1650399802,0:17:00
815388,104,8355,18813,-10,1650399802,0:17:00
815388,104,8355,18814,-10,1650399802,0:17:00
815388,104,8355,30480,-10,1650399802,0:17:00
815388,104,8355,18815,-10,1650399802,0:17:00
815388,104,8355,18816,-10,1650399802,0:17:00
815388,104,8355,18817,-10,1650399802,0:17:00
815388,104,8355,2202,-39,1650399834,0:17:00
815388,104,8355,18818,-39,1650399854,0:17:00
815388,104,8355,15497,-10,1650400435,0:17:00
815388,104,8355,null,-10,1650401050,0:17:00
815394,104,0,18826,-28,1650406915,0:17:00
815394,104,0,18827,-28,1650406928,0:17:00
815395,104,3261,18801,-6,1650405056,0:56:00
815395,104,3261,18802,-7,1650405075,0:56:00
815395,104,3261,18816,-6,1650406013,0:56:00
815395,104,3261,18817,-6,1650406075,0:56:00
815395,104,3261,18818,-6,1650406134,0:56:00
815395,104,3261,18819,-6,1650406155,0:56:00
815395,104,3261,18820,-6,1650406196,0:56:00
815395,104,3261,18821,-6,1650406255,0:56:00
815395,104,3261,18822,-6,1650406315,0:56:00
815395,104,3261,18823,-6,1650406328,0:56:00
815407,104,3488,18810,-6,1650373315,1:00:00
815407,104,3488,1998,-6,1650373372,1:00:00
815407,104,3488,18811,-6,1650373393,1:00:00
815407,104,3488,18812,-6,1650373393,1:00:00
815407,104,3488,18813,-6,1650373434,1:00:00
815407,104,3488,18814,-7,1650373494,1:00:00
815407,104,3488,30480,-7,1650373552,1:00:00
815407,104,3488,18815,-6,1650373568,1:00:00
815407,104,3488,18816,-6,1650373615,1:00:00
815407,104,3488,18817,-6,1650373675,1:00:00
815419,104,3490,18830,-27,1650375472,0:33:00
815421,104,8355,18807,-6,1650378054,0:17:00
815421,104,8355,18810,-6,1650378127,0:17:00
815421,104,8355,1998,-6,1650378192,0:17:00
815421,104,8355,18811,-6,1650378204,0:17:00
815421,104,8355,18812,-6,1650378204,0:17:00
815421,104,8355,18813,-7,1650378234,0:17:00
815421,104,8355,18814,-7,1650378246,0:17:00
815421,104,8355,30480,-7,1650378295,0:17:00
815421,104,8355,18815,-7,1650378354,0:17:00
815421,104,8355,18816,-7,1650378366,0:17:00
815421,104,8355,18817,-7,1650378415,0:17:00
815421,104,8355,2202,-7,1650378427,0:17:00
815421,104,8355,18818,-7,1650378474,0:17:00
815421,104,8355,18819,-6,1650378534,0:17:00
815421,104,8355,18820,-6,1650378547,0:17:00
815421,104,8355,18821,-6,1650378607,0:17:00
815421,104,8355,18822,-6,1650378614,0:17:00
815421,104,8355,18823,-35,1650378654,0:17:00
815424,104,3490,18821,-24,1650385574,0:17:00
815424,104,3490,18822,-24,1650385582,0:17:00
815429,104,3462,1998,-6,1650381474,0:17:00
815429,104,3462,18811,-6,1650381486,0:17:00
815429,104,3462,18812,-6,1650381486,0:17:00
815429,104,3462,18813,-7,1650381534,0:17:00
815429,104,3462,18814,-7,1650381552,0:17:00
815429,104,3462,30480,-7,1650381592,0:17:00
815429,104,3462,18815,-7,1650381654,0:17:00
815429,104,3462,18816,-7,1650381667,0:17:00
815429,104,3462,18817,-7,1650381712,0:17:00
815429,104,3462,2202,-6,1650381726,0:17:00
815429,104,3462,18818,-6,1650381774,0:17:00
815429,104,3462,18819,-6,1650381834,0:17:00
815429,104,3462,18820,-6,1650381852,0:17:00
815429,104,3462,18821,-6,1650381907,0:17:00
815429,104,3462,18822,-25,1650381915,0:17:00
816394,106,8361,19380,-19,1650381055,0:46:00
816395,106,3473,19380,-17,1650377566,0:46:00
816401,106,8513,21484,-31,1650392994,0:12:00
816401,106,8513,2024,-6,1650393344,0:12:00
816401,106,8513,null,-6,1650394748,0:12:00
816412,106,8343,2024,-36,1650405615,0:12:00
816583,107,3490,19191,-19,1650412874,0:50:00
816583,107,3490,19193,-18,1650412904,0:50:00
816589,107,3462,20145,-55,1650401985,0:50:00
816589,107,3462,19155,-55,1650401996,0:50:00
816589,107,3462,19159,-55,1650402025,0:50:00
816589,107,3462,19160,-54,1650402045,0:50:00
816589,107,3462,19161,-54,1650402055,0:50:00
816590,107,8514,29767,-38,1650405465,0:41:00
816593,107,3476,19190,-28,1650402715,0:50:00
816593,107,3476,19191,-28,1650402730,0:50:00
816593,107,3476,19193,-27,1650402775,0:50:00
816594,107,8202,19127,-7,1650395215,0:49:00
816594,107,8202,19128,-7,1650395229,0:49:00
816594,107,8202,19129,-6,1650395335,0:49:00
816594,107,8202,19130,-9,1650395515,0:49:00
816594,107,8202,19131,-9,1650395590,0:49:00
816594,107,8202,19132,-9,1650395594,0:49:00
816594,107,8202,31001,-9,1650395654,0:49:00
816594,107,8202,19134,-9,1650395695,0:49:00
816594,107,8202,19135,-10,1650395770,0:49:00
816594,107,8202,19136,-9,1650395875,0:49:00
816594,107,8202,19137,-9,1650395890,0:49:00
816594,107,8202,2042,-9,1650395995,0:49:00
816594,107,8202,29753,-9,1650396009,0:49:00
816594,107,8202,19138,-9,1650396055,0:49:00
816594,107,8202,19139,-9,1650396115,0:49:00
816594,107,8202,2072,-9,1650396175,0:49:00
816594,107,8202,19140,-9,1650396191,0:49:00
816594,107,8202,19141,-9,1650396295,0:49:00
816594,107,8202,19142,-8,1650396310,0:49:00
816594,107,8202,19143,-9,1650396355,0:49:00
816594,107,8202,19144,-10,1650396430,0:49:00
816594,107,8202,19145,-10,1650396435,0:49:00
816594,107,8202,19146,-10,1650396475,0:49:00
816594,107,8202,19147,-10,1650396535,0:49:00
816594,107,8202,19148,-11,1650396611,0:49:00
816594,107,8202,19150,-11,1650396614,0:49:00
816594,107,8202,19151,-11,1650396656,0:49:00
816594,107,8202,32270,-11,1650396775,0:49:00
816594,107,8202,9941,-11,1650396790,0:49:00
816594,107,8202,31402,-11,1650396835,0:49:00
816594,107,8202,9934,-11,1650396895,0:49:00
816594,107,8202,20145,-10,1650397003,0:49:00
816594,107,8202,null,-12,1650400135,0:49:00
816596,107,3268,19147,-6,1650388974,0:41:00
816596,107,3268,9941,-6,1650389167,0:41:00
816596,107,3268,31402,-6,1650389233,0:41:00
816596,107,3268,9934,-6,1650389245,0:41:00
816596,107,3268,20145,-7,1650389333,0:41:00
816596,107,3268,19155,-7,1650389346,0:41:00
816596,107,3268,19159,-7,1650389346,0:41:00
816596,107,3268,19160,-7,1650389395,0:41:00
816596,107,3268,19161,-6,1650389467,0:41:00
816596,107,3268,19162,-6,1650389475,0:41:00
816596,107,3268,19163,-6,1650389515,0:41:00
816596,107,3268,19164,-6,1650389526,0:41:00
816596,107,3268,19165,-6,1650389587,0:41:00
816596,107,3268,19166,-6,1650389594,0:41:00
816596,107,3268,19168,-6,1650389694,0:41:00
816596,107,3268,19169,-6,1650389707,0:41:00
816596,107,3268,19170,-6,1650389755,0:41:00
816596,107,3268,2074,-6,1650389814,0:41:00
816596,107,3268,19171,-6,1650389826,0:41:00
816596,107,3268,32068,-6,1650389875,0:41:00
816596,107,3268,19173,-7,1650389932,0:41:00
816596,107,3268,19188,-19,1650390974,0:41:00
816596,107,3268,19190,-18,1650391032,0:41:00
816596,107,3268,19191,-17,1650391095,0:41:00
816596,107,3268,19193,-17,1650391102,0:41:00
816600,107,3268,19140,-6,1650377767,0:41:00
816600,107,3268,19141,-6,1650377814,0:41:00
816600,107,3268,19142,-6,1650377827,0:41:00
816600,107,3268,19143,-6,1650377874,0:41:00
816600,107,3268,19144,-6,1650377932,0:41:00
816600,107,3268,19145,-6,1650377947,0:41:00
816600,107,3268,19146,-6,1650377947,0:41:00
816600,107,3268,19147,-7,1650377992,0:41:00
816600,107,3268,19148,-7,1650378054,0:41:00
816600,107,3268,19150,-7,1650378067,0:41:00
816600,107,3268,19151,-8,1650378112,0:41:00
816600,107,3268,32270,-9,1650378192,0:41:00
816600,107,3268,9941,-9,1650378204,0:41:00
816600,107,3268,31402,-9,1650378234,0:41:00
816600,107,3268,9934,-9,1650378246,0:41:00
816600,107,3268,20145,-11,1650378354,0:41:00
816600,107,3268,19155,-11,1650378366,0:41:00
816600,107,3268,19159,-13,1650378415,0:41:00
816600,107,3268,19160,-12,1650378474,0:41:00
816600,107,3268,19161,-12,1650378487,0:41:00
816600,107,3268,19162,-11,1650378534,0:41:00
816600,107,3268,19163,-11,1650378547,0:41:00
816600,107,3268,19164,-11,1650378607,0:41:00
816600,107,3268,19165,-12,1650378654,0:41:00
816600,107,3268,19166,-13,1650378732,0:41:00
816600,107,3268,19168,-13,1650378772,0:41:00
816600,107,3268,19169,-12,1650378834,0:41:00
816600,107,3268,19170,-11,1650378894,0:41:00
816600,107,3268,2074,-10,1650378952,0:41:00
816600,107,3268,19171,-9,1650378967,0:41:00
816600,107,3268,32068,-8,1650379074,0:41:00
816600,107,3268,19173,-7,1650379134,0:41:00
816600,107,3268,19174,-6,1650379195,0:41:00
816602,107,8514,29766,-43,1650411732,0:41:00
816602,107,8514,29767,-43,1650411774,0:41:00
816602,107,8514,20427,-42,1650411794,0:41:00
816608,107,3490,19263,-6,1650406435,0:12:00
816608,107,3490,19264,-6,1650406495,0:12:00
816608,107,3490,19265,-6,1650406509,0:12:00
816608,107,3490,19266,-6,1650406555,0:12:00
816608,107,3490,19267,-6,1650406615,0:12:00
816608,107,3490,19268,-6,1650406629,0:12:00
816608,107,3490,19269,-6,1650406688,0:12:00
816608,107,3490,19270,-6,1650406735,0:12:00
816608,107,3490,19271,-7,1650406748,0:12:00
816608,107,3490,19272,-6,1650406808,0:12:00
816608,107,3490,22104,-6,1650406855,0:12:00
816608,107,3490,22131,-33,1650406915,0:12:00
816608,107,3490,19274,-33,1650406928,0:12:00
816608,107,3490,19275,-32,1650406975,0:12:00
816608,107,3490,19276,-32,1650407035,0:12:00
816608,107,3490,32293,-31,1650407050,0:12:00
816608,107,3490,32294,-30,1650407095,0:12:00
816608,107,3490,19610,-30,1650407108,0:12:00
816608,107,3490,29816,-29,1650407153,0:12:00
816608,107,3490,19611,-29,1650407169,0:12:00
816608,107,3490,19612,-28,1650407228,0:12:00
816608,107,3490,1148,-7,1650407395,0:12:00
816608,107,3490,null,-7,1650408495,0:12:00
816609,107,3270,2029,-6,1650403195,0:37:00
816609,107,3270,19117,-6,1650403214,0:37:00
816609,107,3270,19118,-6,1650403214,0:37:00
816609,107,3270,2035,-6,1650403315,0:37:00
816609,107,3270,29766,-6,1650403329,0:37:00
816609,107,3270,29767,-7,1650403375,0:37:00
816609,107,3270,20427,-6,1650403435,0:37:00
816609,107,3270,29750,-7,1650403495,0:37:00
816609,107,3270,19261,-8,1650403556,0:37:00
816609,107,3270,19262,-7,1650403570,0:37:00
816609,107,3270,19263,-7,1650403615,0:37:00
816609,107,3270,19264,-7,1650403675,0:37:00
816609,107,3270,19265,-7,1650403689,0:37:00
816609,107,3270,19266,-7,1650403735,0:37:00
816609,107,3270,19267,-7,1650403795,0:37:00
816609,107,3270,19268,-6,1650403809,0:37:00
816609,107,3270,19269,-6,1650403855,0:37:00
816609,107,3270,19270,-6,1650403914,0:37:00
816609,107,3270,19271,-6,1650403929,0:37:00
816609,107,3270,22131,-40,1650404112,0:37:00
816609,107,3270,19274,-40,1650404123,0:37:00
816609,107,3270,19275,-39,1650404169,0:37:00
816609,107,3270,19276,-38,1650404215,0:37:00
816609,107,3270,32293,-38,1650404229,0:37:00
816609,107,3270,32294,-37,1650404289,0:37:00
816609,107,3270,19610,-37,1650404295,0:37:00
816609,107,3270,29816,-36,1650404335,0:37:00
816609,107,3270,19611,-36,1650404352,0:37:00
816609,107,3270,19612,-35,1650404410,0:37:00
816609,107,3270,1148,-7,1650404564,0:37:00
816609,107,3270,null,-7,1650405774,0:37:00
816621,107,3476,19611,-26,1650395965,0:12:00
816621,107,3476,19612,-25,1650395985,0:12:00
816622,107,3476,19256,-6,1650412792,0:12:00
816622,107,3476,19257,-6,1650412806,0:12:00
816622,107,3476,19258,-6,1650412806,0:12:00
816622,107,3476,19119,-6,1650412975,0:12:00
816622,107,3476,2035,-6,1650413047,0:12:00
816622,107,3476,29766,-6,1650413054,0:12:00
816622,107,3476,29767,-6,1650413105,0:12:00
816622,107,3476,20427,-7,1650413154,0:12:00
816622,107,3476,29750,-7,1650413166,0:12:00
816622,107,3476,19261,-6,1650413214,0:12:00
816622,107,3476,19262,-7,1650413275,0:12:00
816622,107,3476,19263,-7,1650413286,0:12:00
816622,107,3476,19264,-6,1650413332,0:12:00
816622,107,3476,19265,-6,1650413346,0:12:00
816622,107,3476,19266,-6,1650413394,0:12:00
816622,107,3476,19267,-6,1650413406,0:12:00
816622,107,3476,19268,-6,1650413472,0:12:00
816622,107,3476,19269,-6,1650413514,0:12:00
816622,107,3476,19270,-6,1650413527,0:12:00
816622,107,3476,19271,-6,1650413572,0:12:00
816622,107,3476,19272,-6,1650413586,0:12:00
816622,107,3476,22104,-6,1650413622,0:12:00
816622,107,3476,22131,-6,1650413632,0:12:00
816622,107,3476,19274,-6,1650413632,0:12:00
816622,107,3476,19275,-6,1650413632,0:12:00
816622,107,3476,19276,-6,1650413632,0:12:00
816622,107,3476,32293,-6,1650413632,0:12:00
816622,107,3476,32294,-6,1650413632,0:12:00
816622,107,3476,19611,-7,1650413962,0:12:00
816622,107,3476,null,-7,1650414126,0:12:00
816820,108,3475,19642,-12,1650406492,0:43:00
816820,108,3475,19643,-12,1650406509,0:43:00
816846,108,3470,32260,-6,1650387232,0:43:00
816846,108,3470,617,-6,1650387314,0:43:00
816846,108,3470,19551,-6,1650387322,0:43:00
816846,108,3470,19675,-6,1650387352,0:43:00
816849,108,3455,618,-6,1650403556,0:43:00
816866,108,8340,1154,-6,1650390715,0:43:00
816869,108,3256,17103,-6,1650395425,0:43:00
816874,108,3500,19646,-6,1650410935,0:43:00
816874,108,3500,19647,-6,1650410946,0:43:00
816874,108,3500,19654,-6,1650411186,0:43:00
816874,108,3500,1156,-6,1650411295,0:43:00
816874,108,3500,19656,-6,1650411306,0:43:00
816874,108,3500,19657,-6,1650411306,0:43:00
816874,108,3500,19658,-6,1650411355,0:43:00
816874,108,3500,19660,-6,1650411366,0:43:00
816874,108,3500,19661,-7,1650411414,0:43:00
816874,108,3500,19662,-7,1650411427,0:43:00
816874,108,3500,19663,-6,1650411474,0:43:00
816874,108,3500,19664,-6,1650411492,0:43:00
816874,108,3500,1157,-6,1650411492,0:43:00
816874,108,3500,19665,-6,1650411522,0:43:00
816874,108,3500,19666,-6,1650411545,0:43:00
816874,108,3500,990,-7,1650411833,0:43:00
816874,108,3500,32114,-7,1650411845,0:43:00
816874,108,3500,32115,-6,1650411894,0:43:00
816874,108,3500,32260,-6,1650411906,0:43:00
816874,108,3500,617,-7,1650411955,0:43:00
816874,108,3500,19551,-7,1650411967,0:43:00
816874,108,3500,19675,-8,1650412015,0:43:00
816874,108,3500,17103,-7,1650412554,0:43:00
816874,108,3500,1160,-8,1650412664,0:43:00
816878,108,3482,19640,-10,1650385074,0:43:00
816878,108,3482,19641,-10,1650385087,0:43:00
816880,108,8201,1153,-7,1650392455,0:43:00
816880,108,8201,19642,-7,1650392472,0:43:00
816880,108,8201,19643,-7,1650392472,0:43:00
816880,108,8201,1154,-7,1650392472,0:43:00
816894,108,3470,19641,-12,1650381486,0:43:00
816900,108,3470,19610,-24,1650378894,0:26:00
816900,108,3470,29816,-23,1650378953,0:26:00
816900,108,3470,19611,-23,1650378967,0:26:00
816900,108,3470,19612,-22,1650379032,0:26:00
816901,108,3470,19612,-22,1650383514,1:14:00
816911,108,3465,19611,-24,1650385206,1:14:00
816911,108,3465,19612,-24,1650385254,1:14:00
816913,108,3500,19612,-21,1650384495,0:26:00
816916,108,3470,29816,-22,1650391494,0:26:00
816916,108,3470,19611,-22,1650391512,0:26:00
816916,108,3470,19612,-21,1650391572,0:26:00
816917,108,8340,19612,-16,1650392485,1:14:00
816919,108,8201,19608,-20,1650394029,1:14:00
816919,108,8201,22106,-20,1650394029,1:14:00
816919,108,8201,1146,-19,1650394075,1:14:00
816919,108,8201,19610,-18,1650394135,1:14:00
816919,108,8201,29816,-17,1650394195,1:14:00
816919,108,8201,19611,-17,1650394208,1:14:00
816919,108,8201,19612,-16,1650394273,1:14:00
816927,108,8201,19596,-6,1650403375,0:29:00
816927,108,8201,15002,-6,1650403556,0:29:00
816927,108,8201,19600,-6,1650403615,0:29:00
816927,108,8201,19601,-7,1650403675,0:29:00
816927,108,8201,19602,-7,1650403689,0:29:00
816927,108,8201,19603,-6,1650403735,0:29:00
816927,108,8201,19604,-6,1650403749,0:29:00
816927,108,8201,19605,-6,1650403795,0:29:00
816927,108,8201,19606,-32,1650403855,0:29:00
816927,108,8201,1148,-7,1650404335,0:29:00
816945,108,3500,19597,-6,1650407035,0:29:00
816945,108,3500,15002,-6,1650407152,0:29:00
816945,108,3500,19603,-6,1650407353,0:29:00
816945,108,3500,19604,-6,1650407365,0:29:00
816945,108,3500,1146,-29,1650407592,0:29:00
816945,108,3500,19610,-28,1650407635,0:29:00
816945,108,3500,29816,-27,1650407715,0:29:00
816945,108,3500,19611,-27,1650407725,0:29:00
816945,108,3500,1148,-6,1650407935,0:29:00
816947,108,3482,19610,-23,1650374454,0:28:00
816947,108,3482,29816,-22,1650374512,0:28:00
816947,108,3482,19611,-22,1650374532,0:28:00
816947,108,3482,19612,-21,1650374572,0:28:00
816948,108,8201,19612,-36,1650376374,0:29:00
816952,108,3455,29816,-25,1650409642,0:29:00
816952,108,3455,19611,-24,1650409664,0:29:00
816967,108,8340,19612,-20,1650375582,1:14:00
816968,108,8340,19611,-23,1650379895,1:14:00
816968,108,8340,19612,-22,1650379934,1:14:00
816973,108,3500,19611,-21,1650388974,1:14:00
817768,109,3267,15497,-24,1650397003,1:30:00
818399,110,3465,13794,-40,1650403223,0:31:00
818401,110,0,13804,-43,1650404815,0:31:00
818401,110,0,13819,-42,1650404874,0:31:00
818401,110,0,13803,-42,1650404889,0:31:00
818401,110,0,20067,-41,1650404935,0:31:00
818402,110,3487,2051,-6,1650405955,0:31:00
818407,110,3487,29803,-19,1650416172,0:31:00
818407,110,3487,15065,-19,1650416173,0:31:00
818412,110,8512,4666,-6,1650394555,0:31:00
818412,110,8512,4638,-6,1650394573,0:31:00
818412,110,8512,4599,-6,1650394573,0:31:00
818412,110,8512,20073,-6,1650394615,0:31:00
818412,110,8512,20074,-6,1650394629,0:31:00
818412,110,8512,4628,-6,1650394629,0:31:00
818412,110,8512,4630,-7,1650394695,0:31:00
818412,110,8512,4614,-7,1650394714,0:31:00
818412,110,8512,20075,-7,1650394734,0:31:00
818412,110,8512,2054,-8,1650395175,0:31:00
818412,110,8512,29800,-9,1650395215,0:31:00
818412,110,8512,29921,-9,1650395815,0:31:00
818427,110,3489,15065,-18,1650384704,0:31:00
818429,110,3071,10610,-19,1650388252,0:31:00
818429,110,3071,29918,-19,1650388267,0:31:00
818429,110,3071,29803,-19,1650388274,0:31:00
818429,110,3071,15065,-19,1650388285,0:31:00
818430,110,3478,20069,-6,1650387834,0:31:00
818430,110,3478,13828,-6,1650387846,0:31:00
818430,110,3478,13425,-6,1650387892,0:31:00
818431,110,3071,29918,-19,1650403665,0:31:00
818431,110,3071,29803,-19,1650403675,0:31:00
818431,110,3071,15065,-19,1650403695,0:31:00
818436,110,8512,19819,-6,1650414306,0:36:00
818436,110,8512,19820,-6,1650414306,0:36:00
818436,110,8512,19821,-6,1650414354,0:36:00
818436,110,8512,15096,-41,1650414545,0:36:00
818436,110,8512,15102,-41,1650414545,0:36:00
818436,110,8512,15097,-41,1650414594,0:36:00
818436,110,8512,15098,-40,1650414606,0:36:00
818436,110,8512,15099,-40,1650414652,0:36:00
818436,110,8512,18828,-39,1650414665,0:36:00
818436,110,8512,18829,-39,1650414714,0:36:00
818436,110,8512,18830,-38,1650414725,0:36:00
818439,110,8512,19180,-6,1650422272,0:56:00
818439,110,8512,19181,-6,1650422283,0:56:00
818439,110,8512,19182,-6,1650422334,0:56:00
818439,110,8512,19183,-6,1650422394,0:56:00
818439,110,8512,29797,-6,1650422404,0:56:00
818453,110,3487,19180,-6,1650418674,0:36:00
818453,110,3487,19181,-6,1650418684,0:36:00
818453,110,3487,19182,-6,1650418731,0:36:00
818453,110,3487,19183,-6,1650418792,0:36:00
818453,110,3487,29797,-6,1650418805,0:36:00
818455,110,3478,20065,-6,1650376072,0:52:00
818455,110,3478,13816,-6,1650376087,0:52:00
818455,110,3478,19823,-6,1650376315,0:52:00
818455,110,3478,2066,-7,1650376374,0:52:00
818455,110,3478,15094,-6,1650376387,0:52:00
818455,110,3478,15095,-6,1650376434,0:52:00
818455,110,3478,15096,-6,1650376447,0:52:00
818455,110,3478,15102,-20,1650376513,0:52:00
818455,110,3478,15097,-20,1650376523,0:52:00
818455,110,3478,15098,-20,1650376555,0:52:00
818455,110,3478,15099,-20,1650376567,0:52:00
818455,110,3478,18828,-18,1650376627,0:52:00
818455,110,3478,18829,-18,1650376634,0:52:00
818455,110,3478,18830,-18,1650376674,0:52:00
818455,110,3478,15497,-6,1650376852,0:52:00
818471,110,3071,20052,-7,1650408025,0:36:00
818471,110,3071,20053,-6,1650408055,0:36:00
818471,110,3071,20054,-6,1650408067,0:36:00
818471,110,3071,20056,-6,1650408134,0:36:00
818471,110,3071,20057,-8,1650408193,0:36:00
818471,110,3071,20059,-8,1650408234,0:36:00
818471,110,3071,20060,-8,1650408247,0:36:00
818471,110,3071,20062,-7,1650408292,0:36:00
818471,110,3071,20063,-7,1650408355,0:36:00
818471,110,3071,20064,-8,1650408367,0:36:00
818471,110,3071,20065,-8,1650408415,0:36:00
818471,110,3071,13816,-8,1650408427,0:36:00
818471,110,3071,2519,-8,1650408475,0:36:00
818471,110,3071,19819,-8,1650408492,0:36:00
818471,110,3071,19820,-8,1650408492,0:36:00
818471,110,3071,19821,-8,1650408595,0:36:00
818471,110,3071,19823,-8,1650408655,0:36:00
818873,111,3261,15069,-34,1650375115,0:18:00
818873,111,3261,29918,-34,1650375127,0:18:00
818873,111,3261,29803,-33,1650375172,0:18:00
818873,111,3261,15065,-33,1650375188,0:18:00
818879,111,8203,15069,-36,1650385793,0:18:00
818879,111,8203,29918,-35,1650385806,0:18:00
818879,111,8203,29803,-35,1650385854,0:18:00
818879,111,8203,15065,-34,1650385866,0:18:00
818881,111,8512,29920,-57,1650403114,0:18:00
818886,111,3260,10610,-47,1650410322,0:18:00
818886,111,3260,15069,-46,1650410335,0:18:00
818886,111,3260,29918,-46,1650410347,0:18:00
818886,111,3260,29803,-46,1650410347,0:18:00
818886,111,3260,15065,-45,1650410392,0:18:00
818886,111,3260,null,-6,1650412086,0:18:00
818887,111,8513,29800,-8,1650413754,0:18:00
818887,111,8513,25290,-8,1650413815,0:18:00
818887,111,8513,31525,-8,1650413826,0:18:00
818887,111,8513,10610,-8,1650413872,0:18:00
818887,111,8513,15091,-32,1650415554,0:18:00
818887,111,8513,15092,-31,1650415614,0:18:00
818888,111,3487,15057,-7,1650393789,0:18:00
818888,111,3487,31526,-7,1650393795,0:18:00
818888,111,3487,18977,-7,1650393915,0:18:00
818888,111,3487,13425,-6,1650393975,0:18:00
818888,111,3487,13441,-6,1650394012,0:18:00
818888,111,3487,13407,-6,1650394135,0:18:00
818888,111,3487,13430,-6,1650394195,0:18:00
818888,111,3487,13401,-6,1650394273,0:18:00
818888,111,3487,14849,-6,1650394315,0:18:00
818888,111,3487,29797,-6,1650394330,0:18:00
818888,111,3487,29800,-8,1650394734,0:18:00
818888,111,3487,25290,-7,1650394794,0:18:00
818888,111,3487,31525,-7,1650394809,0:18:00
818888,111,3487,10610,-7,1650394855,0:18:00
818893,111,3266,29920,-71,1650416362,0:18:00
818893,111,3266,15056,-70,1650416392,0:18:00
818906,111,3260,29919,-10,1650405056,0:17:00
818906,111,3260,15067,-9,1650405113,0:17:00
818906,111,3260,15068,-8,1650405175,0:17:00
818906,111,3260,15152,-7,1650405235,0:17:00
818906,111,3260,32522,-7,1650405475,0:17:00
818906,111,3260,25284,-8,1650405673,0:17:00
818906,111,3260,32521,-9,1650405684,0:17:00
818906,111,3260,18984,-9,1650405684,0:17:00
818906,111,3260,14852,-7,1650406255,0:17:00
818906,111,3260,29810,-7,1650406269,0:17:00
818906,111,3260,15116,-7,1650406315,0:17:00
818906,111,3260,13381,-7,1650406329,0:17:00
818906,111,3260,18985,-8,1650406375,0:17:00
818906,111,3260,15118,-8,1650406435,0:17:00
818906,111,3260,15117,-8,1650406495,0:17:00
818906,111,3260,14853,-7,1650406555,0:17:00
818906,111,3260,18986,-7,1650406569,0:17:00
818906,111,3260,15114,-7,1650406615,0:17:00
818906,111,3260,15115,-7,1650406629,0:17:00
818906,111,3260,29917,-7,1650406688,0:17:00
818906,111,3260,15113,-7,1650406693,0:17:00
818906,111,3260,15112,-8,1650406735,0:17:00
818906,111,3260,15111,-8,1650406748,0:17:00
818906,111,3260,15110,-8,1650406748,0:17:00
818906,111,3260,15109,-8,1650406808,0:17:00
818906,111,3260,15108,-8,1650406815,0:17:00
818906,111,3260,15107,-8,1650406815,0:17:00
818906,111,3260,15106,-8,1650406855,0:17:00
818906,111,3260,15105,-8,1650406868,0:17:00
818906,111,3260,13374,-7,1650406915,0:17:00
818906,111,3260,13442,-7,1650406928,0:17:00
818906,111,3260,2066,-7,1650406975,0:17:00
818906,111,3260,15094,-7,1650406989,0:17:00
818906,111,3260,15095,-27,1650407035,0:17:00
818906,111,3260,15096,-26,1650407050,0:17:00
818906,111,3260,15102,-25,1650407095,0:17:00
818906,111,3260,15097,-25,1650407108,0:17:00
818906,111,3260,15497,-7,1650407455,0:17:00
818907,111,8359,null,-58,1650415592,0:30:00
818908,111,8513,31525,-6,1650418824,0:17:00
818908,111,8513,18983,-6,1650418852,0:17:00
818908,111,8513,10610,-6,1650418893,0:17:00
818908,111,8513,15069,-6,1650418914,0:17:00
818908,111,8513,29918,-6,1650418924,0:17:00
818908,111,8513,29803,-6,1650418924,0:17:00
818908,111,8513,15065,-6,1650418941,0:17:00
818908,111,8513,13374,-6,1650420414,0:17:00
818908,111,8513,13442,-6,1650420423,0:17:00
818908,111,8513,2066,-6,1650420433,0:17:00
818920,111,3487,13374,-6,1650411522,0:33:00
818927,111,3487,15065,-6,1650400315,0:39:00
818927,111,3487,29921,-6,1650400495,0:39:00
818927,111,3487,29919,-7,1650400732,0:39:00
818927,111,3487,15067,-7,1650400795,0:39:00
818927,111,3487,15068,-6,1650400915,0:39:00
818927,111,3487,15152,-7,1650400975,0:39:00
818927,111,3487,32522,-6,1650401214,0:39:00
818927,111,3487,25284,-8,1650401394,0:39:00
818927,111,3487,32521,-9,1650401413,0:39:00
818927,111,3487,18984,-9,1650401413,0:39:00
818927,111,3487,14852,-12,1650401996,0:39:00
818927,111,3487,29810,-12,1650402015,0:39:00
818927,111,3487,15116,-12,1650402055,0:39:00
818927,111,3487,13381,-12,1650402115,0:39:00
818927,111,3487,18985,-12,1650402176,0:39:00
818927,111,3487,15118,-12,1650402189,0:39:00
818927,111,3487,15117,-13,1650402295,0:39:00
818927,111,3487,14853,-12,1650402355,0:39:00
818927,111,3487,18986,-12,1650402373,0:39:00
818927,111,3487,15114,-11,1650402416,0:39:00
818927,111,3487,15115,-12,1650402495,0:39:00
818927,111,3487,29917,-12,1650402505,0:39:00
818927,111,3487,15113,-12,1650402535,0:39:00
818927,111,3487,15112,-12,1650402550,0:39:00
818927,111,3487,15111,-12,1650402550,0:39:00
818927,111,3487,15110,-11,1650402595,0:39:00
818927,111,3487,15109,-11,1650402611,0:39:00
818927,111,3487,15108,-11,1650402611,0:39:00
818927,111,3487,15107,-10,1650402653,0:39:00
818927,111,3487,15106,-9,1650402715,0:39:00
818927,111,3487,15105,-9,1650402730,0:39:00
818927,111,3487,13374,-8,1650402775,0:39:00
818927,111,3487,13442,-8,1650402789,0:39:00
818927,111,3487,2066,-31,1650402835,0:39:00
818927,111,3487,15094,-31,1650402850,0:39:00
818927,111,3487,15095,-30,1650402895,0:39:00
818927,111,3487,15096,-30,1650402910,0:39:00
818927,111,3487,15102,-29,1650402955,0:39:00
818927,111,3487,15097,-29,1650402970,0:39:00
818927,111,3487,15098,-28,1650403035,0:39:00
818927,111,3487,15099,-28,1650403043,0:39:00
818927,111,3487,18828,-27,1650403075,0:39:00
818927,111,3487,18829,-27,1650403093,0:39:00
818927,111,3487,18830,-26,1650403135,0:39:00
818927,111,3487,15497,-11,1650403305,0:39:00
818927,111,3487,null,-11,1650404215,0:39:00
818933,111,8356,18830,-17,1650386634,0:30:00
819290,112,8511,29852,-23,1650373932,1:08:00
819290,112,8511,29853,-23,1650373935,1:08:00
819290,112,8511,29854,-23,1650373935,1:08:00
819290,112,8511,29855,-23,1650373935,1:08:00
819290,112,8511,29856,-22,1650373993,1:08:00
819290,112,8511,31872,-22,1650373995,1:08:00
819290,112,8511,29858,-21,1650374034,1:08:00
819291,112,8360,29856,-14,1650375715,0:39:00
819291,112,8360,31872,-13,1650375727,0:39:00
819291,112,8360,29858,-13,1650375774,0:39:00
819294,112,3462,18659,-6,1650384204,0:39:00
819294,112,3462,18660,-6,1650384204,0:39:00
819294,112,3462,2199,-6,1650384294,0:39:00
819294,112,3462,18664,-6,1650384415,0:39:00
819294,112,3462,18665,-6,1650384434,0:39:00
819294,112,3462,18666,-6,1650384474,0:39:00
819294,112,3462,18667,-6,1650384532,0:39:00
819294,112,3462,1985,-7,1650384546,0:39:00
819294,112,3462,18668,-7,1650384592,0:39:00
819294,112,3462,18669,-7,1650384612,0:39:00
819303,112,8356,29856,-11,1650379195,0:39:00
819303,112,8356,31872,-11,1650379207,0:39:00
819303,112,8356,29858,-10,1650379254,0:39:00
819306,112,0,31872,-11,1650390052,1:07:00
819306,112,0,29858,-11,1650390082,1:07:00
819307,112,0,29856,-35,1650393314,1:07:00
819307,112,0,31872,-35,1650393333,1:07:00
819307,112,0,29858,-34,1650393355,1:07:00
819308,112,3477,31872,-11,1650408552,0:39:00
819308,112,3477,29858,-11,1650408575,0:39:00
819574,113,8303,31211,-16,1650402085,0:25:00
819609,113,8365,20417,-6,1650374335,0:27:00
819609,113,8365,24963,-6,1650374393,0:27:00
819613,113,3273,24964,-12,1650378953,0:25:00
819615,113,0,19834,-6,1650379207,0:25:00
819615,113,0,19837,-9,1650379314,0:25:00
819615,113,0,19839,-8,1650379372,0:25:00
819615,113,0,2105,-8,1650379387,0:25:00
819615,113,0,30517,-7,1650379432,0:25:00
819615,113,0,19840,-7,1650379447,0:25:00
819615,113,0,19842,-6,1650379494,0:25:00
819617,113,8368,19840,-22,1650381252,0:25:00
819617,113,8368,19842,-22,1650381312,0:25:00
819617,113,8368,31211,-21,1650381354,0:25:00
819621,113,8365,20417,-12,1650386974,0:25:00
819621,113,8365,24963,-12,1650386983,0:25:00
819621,113,8365,24964,-12,1650386994,0:25:00
819625,113,8366,30517,-20,1650390307,0:26:00
819625,113,8366,19840,-20,1650390333,0:26:00
819625,113,8366,19842,-20,1650390335,0:26:00
819627,113,8368,null,-66,1650390812,0:26:00
819636,113,3483,24961,-8,1650405035,0:25:00
819636,113,3483,20417,-6,1650405113,0:25:00
819645,113,3483,19837,-66,1650415774,0:25:00
819656,113,8357,19612,-26,1650379432,0:26:00
819658,113,3273,19611,-29,1650382852,0:26:00
819658,113,3273,19612,-28,1650382912,0:26:00
819677,113,3483,20348,-6,1650411522,0:28:00
819677,113,3483,19724,-32,1650412792,0:28:00
819677,113,3483,1146,-32,1650412806,0:28:00
819677,113,3483,19610,-31,1650412854,0:28:00
819677,113,3483,29816,-30,1650412914,0:28:00
819677,113,3483,19611,-30,1650412926,0:28:00
819677,113,3483,19612,-29,1650412975,0:28:00
819677,113,3483,1148,-6,1650413154,0:28:00
819677,113,3483,null,-6,1650414306,0:28:00
819692,113,8366,19611,-24,1650392752,0:27:00
819692,113,8366,19612,-23,1650392812,0:27:00
819697,113,8368,19612,-29,1650378415,0:18:00
819698,113,8365,19612,-23,1650404396,0:40:00
819715,113,8365,20362,-6,1650413275,0:26:00
819715,113,8365,20364,-6,1650413332,0:26:00
819715,113,8365,20365,-6,1650413346,0:26:00
819715,113,8365,20366,-6,1650413394,0:26:00
819715,113,8365,19719,-6,1650413406,0:26:00
819716,113,8200,null,-66,1650408323,0:26:00
819719,113,0,20362,-6,1650380512,0:27:00
819719,113,0,20364,-6,1650380527,0:27:00
819719,113,0,20366,-6,1650380653,0:27:00
819719,113,0,19719,-6,1650380663,0:27:00
819719,113,0,19720,-34,1650380755,0:27:00
819719,113,0,19721,-34,1650380772,0:27:00
819719,113,0,19722,-33,1650380832,0:27:00
819719,113,0,19723,-33,1650380835,0:27:00
819719,113,0,19724,-32,1650380874,0:27:00
819719,113,0,1146,-32,1650380887,0:27:00
819725,113,8303,29816,-29,1650375655,0:25:00
819725,113,8303,19611,-29,1650375667,0:25:00
819725,113,8303,19612,-28,1650375715,0:25:00
820484,114,8348,2215,-40,1650404063,0:15:00
820484,114,8348,31889,-40,1650404083,0:15:00
820493,114,3270,25133,-12,1650384714,0:15:00
820493,114,3270,25134,-12,1650384726,0:15:00
820493,114,3270,31538,-12,1650384726,0:15:00
820493,114,3270,25616,-11,1650384775,0:15:00
820493,114,3270,25135,-11,1650384787,0:15:00
820499,114,8206,25280,-7,1650388734,0:15:00
820499,114,8206,25281,-7,1650388747,0:15:00
820499,114,8206,32522,-6,1650388852,0:15:00
820499,114,8206,25284,-6,1650388915,0:15:00
820499,114,8206,32521,-6,1650388927,0:15:00
820504,114,8303,10610,-28,1650407515,0:15:00
820504,114,8303,15069,-27,1650407592,0:15:00
820504,114,8303,29918,-27,1650407595,0:15:00
820504,114,8303,29803,-26,1650407635,0:15:00
820504,114,8303,15065,-26,1650407648,0:15:00
820514,114,3487,19776,-45,1650375042,0:28:00
820514,114,3487,19777,-44,1650375068,0:28:00
820516,114,8206,19775,-52,1650381772,0:30:00
820516,114,8206,19776,-52,1650381774,0:30:00
820516,114,8206,19777,-52,1650381802,0:30:00
820517,114,8348,19777,-53,1650385312,0:30:00
820517,114,8348,19778,-52,1650385365,0:30:00
820533,114,8348,19778,-14,1650409208,1:05:00
820536,114,3270,19776,-45,1650373225,0:30:00
820536,114,3270,19777,-44,1650373235,0:30:00
820536,114,3270,19778,-44,1650373245,0:30:00
820542,114,3270,25464,-55,1650379806,0:28:00
820813,115,3482,31872,-45,1650405652,1:16:00
820814,115,8305,29963,-60,1650408922,1:15:00
820814,115,8305,25464,-60,1650408935,1:15:00
820814,115,8305,25466,-59,1650408944,1:15:00
820814,115,8305,19775,-59,1650408954,1:15:00
820814,115,8305,19776,-59,1650408972,1:15:00
820814,115,8305,19777,-59,1650409002,1:15:00
820816,115,3455,29852,-25,1650375894,1:18:00
820816,115,3455,29853,-25,1650375908,1:18:00
820816,115,3455,29854,-24,1650375967,1:18:00
820816,115,3455,29855,-24,1650375973,1:18:00
820816,115,3455,29856,-24,1650375973,1:18:00
820816,115,3455,31872,-23,1650376015,1:18:00
820816,115,3455,29858,-22,1650376072,1:18:00
820837,115,3482,19816,-6,1650393915,0:14:00
820838,115,0,2168,-7,1650395515,0:14:00
820838,115,0,29859,-7,1650395654,0:14:00
820838,115,0,29860,-7,1650395685,0:14:00
820838,115,0,29861,-7,1650395695,0:14:00
820838,115,0,29862,-7,1650395710,0:14:00
820838,115,0,29863,-7,1650395714,0:14:00
820838,115,0,29864,-7,1650395734,0:14:00
820838,115,0,31180,-7,1650395753,0:14:00
820838,115,0,29866,-7,1650395770,0:14:00
820838,115,0,29867,-7,1650395775,0:14:00
820847,115,3482,19826,-6,1650410274,0:14:00
820847,115,3482,19828,-6,1650410392,0:14:00
820847,115,3482,19829,-6,1650410454,0:14:00
820847,115,3482,19830,-6,1650410467,0:14:00
820847,115,3482,19833,-6,1650410586,0:14:00
820847,115,3482,2044,-6,1650410635,0:14:00
820847,115,3482,19834,-6,1650410647,0:14:00
820847,115,3482,2105,-6,1650410815,0:14:00
820847,115,3482,30517,-6,1650410826,0:14:00
820847,115,3482,19840,-6,1650410873,0:14:00
820847,115,3482,19842,-6,1650410888,0:14:00
820847,115,3482,31211,-6,1650410935,0:14:00
820847,115,3482,30597,-6,1650410995,0:14:00
820847,115,3482,31874,-6,1650411006,0:14:00
820847,115,3482,19844,-6,1650411006,0:14:00
820847,115,3482,19845,-6,1650411054,0:14:00
820847,115,3482,19846,-6,1650411066,0:14:00
820847,115,3482,20367,-7,1650411126,0:14:00
820847,115,3482,20368,-7,1650411134,0:14:00
820847,115,3482,29941,-7,1650411175,0:14:00
820847,115,3482,20369,-7,1650411186,0:14:00
820847,115,3482,20370,-7,1650411235,0:14:00
820847,115,3482,20371,-7,1650411295,0:14:00
820847,115,3482,1962,-8,1650411355,0:14:00
820847,115,3482,25049,-8,1650411366,0:14:00
820847,115,3482,19882,-7,1650411414,0:14:00
820847,115,3482,19880,-7,1650411475,0:14:00
820847,115,3482,29962,-7,1650411522,0:14:00
820847,115,3482,19879,-7,1650411545,0:14:00
820847,115,3482,19736,-7,1650411595,0:14:00
820847,115,3482,19737,-7,1650411607,0:14:00
820847,115,3482,19738,-6,1650411655,0:14:00
820847,115,3482,19758,-6,1650411667,0:14:00
820847,115,3482,19739,-6,1650411667,0:14:00
820847,115,3482,19740,-7,1650411715,0:14:00
820847,115,3482,19741,-7,1650411727,0:14:00
820847,115,3482,19742,-7,1650411727,0:14:00
820847,115,3482,19743,-7,1650411774,0:14:00
820847,115,3482,2125,-7,1650411833,0:14:00
820847,115,3482,19746,-7,1650411845,0:14:00
820847,115,3482,19747,-7,1650411845,0:14:00
820847,115,3482,19748,-7,1650411845,0:14:00
820847,115,3482,19750,-7,1650411895,0:14:00
820847,115,3482,19752,-7,1650411906,0:14:00
820847,115,3482,19864,-6,1650411955,0:14:00
820847,115,3482,19757,-7,1650412015,0:14:00
820847,115,3482,30343,-7,1650412027,0:14:00
820847,115,3482,19759,-7,1650412027,0:14:00
820847,115,3482,19760,-7,1650412027,0:14:00
820847,115,3482,19761,-6,1650412074,0:14:00
820847,115,3482,19861,-7,1650412134,0:14:00
820847,115,3482,19860,-7,1650412145,0:14:00
820847,115,3482,19859,-7,1650412194,0:14:00
820847,115,3482,2142,-8,1650412205,0:14:00
820847,115,3482,19857,-8,1650412205,0:14:00
820847,115,3482,19855,-7,1650412254,0:14:00
820847,115,3482,2141,-7,1650412266,0:14:00
820847,115,3482,19769,-7,1650412266,0:14:00
820847,115,3482,19852,-8,1650412314,0:14:00
820847,115,3482,19851,-8,1650412326,0:14:00
820847,115,3482,29956,-8,1650412374,0:14:00
820847,115,3482,30363,-9,1650412434,0:14:00
820847,115,3482,30364,-9,1650412445,0:14:00
820847,115,3482,29957,-10,1650412495,0:14:00
820847,115,3482,29966,-10,1650412554,0:14:00
820847,115,3482,25513,-10,1650412612,0:14:00
820847,115,3482,19670,-11,1650412854,0:14:00
820847,115,3482,19671,-11,1650412865,0:14:00
820847,115,3482,15054,-11,1650412914,0:14:00
820847,115,3482,990,-11,1650413047,0:14:00
820847,115,3482,32114,-13,1650413105,0:14:00
820847,115,3482,32115,-13,1650413154,0:14:00
820847,115,3482,32260,-13,1650413166,0:14:00
820847,115,3482,617,-13,1650413214,0:14:00
820847,115,3482,19551,-13,1650413225,0:14:00
820847,115,3482,19675,-13,1650413332,0:14:00
820847,115,3482,1160,-13,1650413922,0:14:00
820847,115,3482,null,-13,1650414015,0:14:00
820849,115,3482,29962,-6,1650423343,0:14:00
820849,115,3482,19879,-6,1650423354,0:14:00
820849,115,3482,19736,-6,1650423382,0:14:00
820849,115,3482,19737,-6,1650423411,0:14:00
820849,115,3482,19738,-6,1650423444,0:14:00
820849,115,3482,19758,-6,1650423453,0:14:00
820849,115,3482,19739,-6,1650423471,0:14:00
820849,115,3482,19740,-6,1650423494,0:14:00
820849,115,3482,19741,-6,1650423512,0:14:00
820849,115,3482,19742,-6,1650423532,0:14:00
820849,115,3482,19743,-6,1650423534,0:14:00
820849,115,3482,2125,-6,1650423553,0:14:00
820849,115,3482,19746,-6,1650423592,0:14:00
820849,115,3482,19747,-6,1650423604,0:14:00
820849,115,3482,19748,-6,1650423622,0:14:00
820849,115,3482,19750,-6,1650423672,0:14:00
820849,115,3482,19752,-6,1650423693,0:14:00
820849,115,3482,19864,-6,1650423752,0:14:00
820849,115,3482,19757,-6,1650423822,0:14:00
820849,115,3482,30343,-6,1650423834,0:14:00
820849,115,3482,19759,-6,1650423843,0:14:00
821079,117,8341,29918,-49,1650379282,0:11:00
821079,117,8341,29803,-49,1650379284,0:11:00
821079,117,8341,15065,-49,1650379284,0:11:00
821098,117,3488,31525,-7,1650425812,0:11:00
821098,117,3488,10610,-7,1650425874,0:11:00
821098,117,3488,29918,-7,1650425952,0:11:00
821098,117,3488,29803,-7,1650425962,0:11:00
821098,117,3488,15065,-7,1650425962,0:11:00
821098,117,3488,29921,-7,1650425994,0:11:00
821099,117,8369,29803,-20,1650401154,0:11:00
821099,117,8369,15065,-20,1650401170,0:11:00
821099,117,8369,29921,-6,1650401455,0:11:00
821100,117,3478,32520,-7,1650404589,0:10:00
821100,117,3478,25290,-8,1650404632,0:10:00
821100,117,3478,31525,-36,1650404695,0:10:00
821100,117,3478,10610,-34,1650404815,0:10:00
821100,117,3478,29918,-33,1650404875,0:10:00
821100,117,3478,29803,-32,1650404935,0:10:00
821100,117,3478,15065,-32,1650404949,0:10:00
821100,117,3478,29921,-9,1650405235,0:10:00
821100,117,3478,null,-9,1650406388,0:10:00
821105,117,3488,31884,-7,1650414084,0:11:00
821105,117,3488,25344,-7,1650414102,0:11:00
821105,117,3488,25345,-7,1650414115,0:11:00
821105,117,3488,25347,-6,1650414154,0:11:00
821105,117,3488,25616,-6,1650414174,0:11:00
821105,117,3488,14785,-6,1650414414,0:11:00
821108,117,3260,19957,-7,1650374635,0:30:00
821108,117,3260,25616,-6,1650374695,0:30:00
821121,117,3478,25616,-6,1650409462,0:21:00
821121,117,3478,32464,-6,1650409507,0:21:00
821126,117,8369,19957,-6,1650426411,0:21:00
821126,117,8369,25616,-6,1650426424,0:21:00
821126,117,8369,32464,-6,1650426502,0:21:00
821134,117,3488,19957,-8,1650399895,0:21:00
821134,117,3488,25616,-7,1650399955,0:21:00
821134,117,3488,2215,-15,1650401455,0:21:00
821134,117,3488,31889,-15,1650401475,0:21:00
821138,117,3260,25754,-10,1650415194,0:21:00
821138,117,3260,19954,-9,1650415254,0:21:00
821138,117,3260,19955,-9,1650415266,0:21:00
821138,117,3260,19957,-9,1650415314,0:21:00
821138,117,3260,25616,-9,1650415325,0:21:00
821138,117,3260,32464,-9,1650415375,0:21:00
821466,118,8349,25135,-6,1650391447,0:50:00
821620,119,0,26266,-6,1650402115,1:15:00
821620,119,0,26269,-6,1650402176,1:15:00
821620,119,0,26270,-6,1650402235,1:15:00
821620,119,0,26271,-6,1650402254,1:15:00
821620,119,0,31181,-6,1650402254,1:15:00
821620,119,0,31904,-6,1650402254,1:15:00
821620,119,0,26274,-6,1650402295,1:15:00
821620,119,0,31905,-6,1650402310,1:15:00
821620,119,0,26276,-6,1650402310,1:15:00
821620,119,0,31906,-6,1650402355,1:15:00
821620,119,0,26311,-6,1650402374,1:15:00
821620,119,0,26279,-6,1650402374,1:15:00
821630,119,8352,31909,-53,1650377244,0:11:00
821630,119,8352,26488,-53,1650377255,0:11:00
821630,119,8352,31903,-53,1650377265,0:11:00
821843,120,3490,18926,-10,1650394675,1:05:00
821859,120,8356,18818,-6,1650408014,1:21:00
821865,120,0,2200,-6,1650383695,1:21:00
821865,120,0,18807,-6,1650383706,1:21:00
821865,120,0,1998,-6,1650383875,1:21:00
821865,120,0,18811,-6,1650383887,1:21:00
821865,120,0,18812,-6,1650383887,1:21:00
821865,120,0,18813,-6,1650383934,1:21:00
821865,120,0,18814,-6,1650383947,1:21:00
821865,120,0,30480,-7,1650383995,1:21:00
821865,120,0,18815,-7,1650384054,1:21:00
821865,120,0,18816,-7,1650384068,1:21:00
821865,120,0,18817,-6,1650384114,1:21:00
821865,120,0,2202,-6,1650384127,1:21:00
821865,120,0,18818,-7,1650384193,1:21:00
821865,120,0,18819,-6,1650384234,1:21:00
821865,120,0,18820,-6,1650384249,1:21:00
821865,120,0,18821,-6,1650384295,1:21:00
821865,120,0,18822,-6,1650384309,1:21:00
822003,123,3274,18817,-6,1650410766,0:28:00
822003,123,3274,18819,-6,1650410815,0:28:00
822003,123,3274,18820,-6,1650410826,0:28:00
822003,123,3274,18821,-6,1650410873,0:28:00
822003,123,3274,18822,-6,1650410935,0:28:00
822003,123,3274,18823,-6,1650410946,0:28:00
822003,123,3274,18824,-6,1650410946,0:28:00
822003,123,3274,18825,-6,1650410995,0:28:00
822003,123,3274,18826,-6,1650411006,0:28:00
822003,123,3274,18827,-6,1650411054,0:28:00
822003,123,3274,18828,-6,1650411066,0:28:00
822003,123,3274,18829,-6,1650411126,0:28:00
822003,123,3274,18830,-6,1650411135,0:28:00
822405,125,0,1738,-26,1650401303,0:35:00
822418,125,0,1537,-10,1650407695,0:25:00
822418,125,0,21529,-10,1650407708,0:25:00
822418,125,0,10285,-10,1650407708,0:25:00
822418,125,0,10283,-10,1650407708,0:25:00
822418,125,0,20644,-10,1650407708,0:25:00
822418,125,0,18447,-10,1650407708,0:25:00
822418,125,0,18448,-10,1650407708,0:25:00
822418,125,0,10275,-10,1650407708,0:25:00
822418,125,0,10272,-10,1650407708,0:25:00
822418,125,0,18451,-10,1650407708,0:25:00
822418,125,0,10266,-10,1650407708,0:25:00
822419,125,8518,28,-6,1650410392,0:25:00
822419,125,8518,1537,-6,1650410572,0:25:00
822419,125,8518,null,-12,1650411454,0:25:00
822423,125,3262,1537,-7,1650409735,0:25:00
822423,125,3262,21529,-7,1650409795,0:25:00
822423,125,3262,10285,-7,1650409854,0:25:00
822423,125,3262,10283,-7,1650409867,0:25:00
822423,125,3262,20644,-7,1650409867,0:25:00
822423,125,3262,18447,-7,1650409915,0:25:00
822423,125,3262,18448,-7,1650409928,0:25:00
822423,125,3262,10275,-7,1650409928,0:25:00
822423,125,3262,10272,-7,1650409974,0:25:00
822426,125,8343,1537,-7,1650423171,0:44:00
822426,125,8343,21529,-7,1650423184,0:44:00
822426,125,8343,10285,-7,1650423234,0:44:00
822426,125,8343,10283,-7,1650423244,0:44:00
822426,125,8343,20644,-7,1650423244,0:44:00
822426,125,8343,18447,-7,1650423244,0:44:00
822426,125,8343,18448,-7,1650423303,0:44:00
822426,125,8343,10275,-7,1650423313,0:44:00
822426,125,8343,10272,-7,1650423313,0:44:00
822426,125,8343,18451,-7,1650423354,0:44:00
822426,125,8343,10266,-7,1650423364,0:44:00
822426,125,8343,6115,-7,1650423414,0:44:00
822427,125,3474,1537,-7,1650425214,0:25:00
822427,125,3474,null,-7,1650425332,0:25:00
822431,125,3495,1537,-7,1650426371,0:12:00
822431,125,3495,null,-7,1650426411,0:12:00
822434,125,8518,1537,-8,1650420632,0:25:00
822434,125,8518,21529,-8,1650420634,0:25:00
822434,125,8518,10285,-8,1650420634,0:25:00
822434,125,8518,10283,-8,1650420634,0:25:00
822434,125,8518,20644,-8,1650420634,0:25:00
822434,125,8518,18447,-8,1650420634,0:25:00
822434,125,8518,18448,-8,1650420634,0:25:00
822434,125,8518,10275,-8,1650420634,0:25:00
822434,125,8518,10272,-8,1650420784,0:25:00
822436,125,8366,1537,-33,1650376627,0:10:00
822436,125,8366,21529,-32,1650376674,0:10:00
822436,125,8366,10285,-32,1650376692,0:10:00
822436,125,8366,10283,-31,1650376734,0:10:00
822436,125,8366,20644,-31,1650376753,0:10:00
822436,125,8366,18447,-31,1650376753,0:10:00
822436,125,8366,18448,-30,1650376795,0:10:00
822436,125,8366,10275,-30,1650376807,0:10:00
822436,125,8366,10272,-30,1650376807,0:10:00
822436,125,8366,18451,-29,1650376867,0:10:00
822436,125,8366,10266,-29,1650376875,0:10:00
822436,125,8366,6115,-28,1650376914,0:10:00
822436,125,8366,1721,-8,1650377092,0:10:00
822438,125,3259,1537,-6,1650380095,0:12:00
822438,125,3259,21529,-35,1650380154,0:12:00
822438,125,3259,10285,-34,1650380167,0:12:00
822438,125,3259,10283,-34,1650380213,0:12:00
822438,125,3259,20644,-34,1650380226,0:12:00
822438,125,3259,18447,-34,1650380226,0:12:00
822438,125,3259,18448,-32,1650380286,0:12:00
822438,125,3259,10275,-32,1650380294,0:12:00
822438,125,3259,10272,-32,1650380294,0:12:00
822438,125,3259,18451,-32,1650380334,0:12:00
822438,125,3259,10266,-31,1650380353,0:12:00
822438,125,3259,6115,-31,1650380394,0:12:00
822438,125,3259,1721,-6,1650380574,0:12:00
822438,125,3259,null,-6,1650381854,0:12:00
822439,125,8369,1537,-40,1650383412,0:45:00
822439,125,8369,21529,-40,1650383452,0:45:00
822439,125,8369,10285,-40,1650383466,0:45:00
822439,125,8369,10283,-39,1650383514,0:45:00
822439,125,8369,20644,-39,1650383528,0:45:00
822439,125,8369,18447,-39,1650383528,0:45:00
822439,125,8369,18448,-38,1650383575,0:45:00
822439,125,8369,10275,-38,1650383589,0:45:00
822439,125,8369,10272,-38,1650383589,0:45:00
822439,125,8369,18451,-37,1650383634,0:45:00
822439,125,8369,1721,-10,1650383865,0:45:00
822439,125,8369,null,-10,1650384967,0:45:00
822449,125,3495,1537,-6,1650412975,0:12:00
822449,125,3495,21529,-6,1650412986,0:12:00
822836,126,8341,null,-47,1650382292,0:40:00
824907,127,8115,332,-45,1650402956,0:50:00
824907,127,8115,29617,-45,1650402943,0:50:00
824907,127,8115,28021,-6,1650407875,0:50:00
824907,127,8115,31319,-6,1650407935,0:50:00
824907,127,8115,28026,-6,1650407948,0:50:00
824907,127,8115,28028,-6,1650407948,0:50:00
824907,127,8115,28030,-6,1650408008,0:50:00
824907,127,8115,28031,-6,1650408015,0:50:00
824907,127,8115,31316,-6,1650408055,0:50:00
824907,127,8115,28033,-6,1650408068,0:50:00
824907,127,8115,28034,-6,1650408068,0:50:00
824907,127,8115,28035,-6,1650408128,0:50:00
824907,127,8115,28037,-6,1650408134,0:50:00
824907,127,8115,1753,-6,1650408188,0:50:00
824907,127,8115,32014,-7,1650408475,0:50:00
824907,127,8115,32013,-7,1650408548,0:50:00
824907,127,8115,30397,-7,1650408595,0:50:00
824907,127,8115,30400,-7,1650408655,0:50:00
824907,127,8115,30401,-7,1650408668,0:50:00
824907,127,8115,30402,-7,1650408715,0:50:00
824911,127,3201,32014,-6,1650393355,0:50:00
824911,127,3201,32013,-6,1650393415,0:50:00
824911,127,3201,30397,-6,1650393474,0:50:00
824911,127,3201,30400,-6,1650393535,0:50:00
824911,127,3201,30401,-6,1650393549,0:50:00
824911,127,3201,30402,-6,1650393596,0:50:00
824911,127,3201,1754,-6,1650393775,0:50:00
824927,127,3208,29591,-21,1650378285,0:58:00
824927,127,3208,29590,-21,1650378295,0:58:00
825038,128,3215,31300,-38,1650373636,1:25:00
825050,128,8117,30140,-6,1650394763,0:19:00
825050,128,8117,18973,-6,1650394943,0:19:00
825153,129,8298,28456,-6,1650400031,1:14:00
825153,129,8298,28167,-6,1650400076,1:14:00
825153,129,8298,28307,-7,1650400555,1:14:00
825153,129,8298,1784,-6,1650400615,1:14:00
825163,129,3205,1795,-6,1650420714,0:37:00
825163,129,3205,29613,-6,1650420724,0:37:00
825170,129,8096,21152,-6,1650386155,0:37:00
825170,129,8096,32025,-6,1650387312,0:37:00
825170,129,8096,32024,-6,1650387352,0:37:00
825170,129,8096,21168,-6,1650387415,0:37:00
825170,129,8096,32022,-6,1650387474,0:37:00
825170,129,8096,32023,-6,1650387535,0:37:00
825170,129,8096,21170,-6,1650387547,0:37:00
825170,129,8096,1794,-7,1650387655,0:37:00
825170,129,8096,21171,-7,1650387667,0:37:00
825170,129,8096,28539,-6,1650387714,0:37:00
825170,129,8096,29636,-6,1650387775,0:37:00
825170,129,8096,21172,-6,1650387787,0:37:00
825170,129,8096,21173,-6,1650387834,0:37:00
825170,129,8096,21174,-6,1650387892,0:37:00
825170,129,8096,28540,-7,1650387975,0:37:00
825170,129,8096,28541,-7,1650387982,0:37:00
825170,129,8096,28542,-7,1650388015,0:37:00
825170,129,8096,21177,-7,1650388027,0:37:00
825170,129,8096,32019,-7,1650388027,0:37:00
825170,129,8096,21178,-7,1650388087,0:37:00
825170,129,8096,21179,-7,1650388095,0:37:00
825170,129,8096,29638,-7,1650388212,0:37:00
825170,129,8096,21181,-7,1650388252,0:37:00
825170,129,8096,29639,-7,1650388332,0:37:00
825170,129,8096,21182,-7,1650388342,0:37:00
825170,129,8096,31609,-7,1650388372,0:37:00
825170,129,8096,21184,-6,1650388434,0:37:00
825170,129,8096,30713,-6,1650388507,0:37:00
825170,129,8096,1795,-8,1650388554,0:37:00
825170,129,8096,29613,-8,1650388569,0:37:00
825170,129,8096,29614,-8,1650388627,0:37:00
825170,129,8096,21187,-8,1650388735,0:37:00
825170,129,8096,21188,-7,1650388794,0:37:00
825170,129,8096,29615,-7,1650388807,0:37:00
825170,129,8096,29616,-7,1650388915,0:37:00
825170,129,8096,28393,-7,1650388975,0:37:00
825170,129,8096,31543,-7,1650389055,0:37:00
825170,129,8096,332,-7,1650389213,0:37:00
825170,129,8096,null,-7,1650390475,0:37:00
825173,129,8380,32027,-6,1650399803,0:37:00
825173,129,8380,31765,-6,1650399803,0:37:00
825173,129,8380,21149,-6,1650399803,0:37:00
825173,129,8380,32037,-6,1650399803,0:37:00
825173,129,8380,21152,-6,1650399803,0:37:00
825173,129,8380,30712,-6,1650399803,0:37:00
825173,129,8380,28531,-6,1650399803,0:37:00
825173,129,8380,1784,-6,1650399803,0:37:00
825173,129,8380,28308,-6,1650399803,0:37:00
825173,129,8380,1783,-6,1650399803,0:37:00
825173,129,8380,28317,-6,1650399803,0:37:00
825173,129,8380,28318,-6,1650399803,0:37:00
825173,129,8380,1777,-6,1650399803,0:37:00
825173,129,8380,30923,-6,1650399803,0:37:00
825173,129,8380,30924,-6,1650399803,0:37:00
825173,129,8380,21161,-6,1650399803,0:37:00
825173,129,8380,1793,-6,1650399803,0:37:00
825173,129,8380,21162,-6,1650399803,0:37:00
825173,129,8380,21163,-6,1650399803,0:37:00
825173,129,8380,28536,-6,1650399803,0:37:00
825173,129,8380,21164,-6,1650399803,0:37:00
825173,129,8380,21165,-6,1650399803,0:37:00
825173,129,8380,32025,-6,1650399803,0:37:00
825173,129,8380,32024,-6,1650399803,0:37:00
825173,129,8380,21168,-6,1650399803,0:37:00
825173,129,8380,32022,-6,1650399803,0:37:00
825173,129,8380,32023,-6,1650399803,0:37:00
825173,129,8380,21170,-6,1650399803,0:37:00
825173,129,8380,1794,-6,1650399803,0:37:00
825173,129,8380,21171,-6,1650399803,0:37:00
825173,129,8380,28539,-6,1650399803,0:37:00
825173,129,8380,29636,-6,1650399803,0:37:00
825173,129,8380,21172,-6,1650399803,0:37:00
825173,129,8380,21173,-6,1650399803,0:37:00
825173,129,8380,21174,-6,1650399803,0:37:00
825173,129,8380,28540,-6,1650399803,0:37:00
825173,129,8380,28541,-6,1650399803,0:37:00
825173,129,8380,28542,-6,1650399803,0:37:00
825173,129,8380,21177,-6,1650399803,0:37:00
825173,129,8380,32019,-6,1650399803,0:37:00
825173,129,8380,21178,-6,1650399803,0:37:00
825173,129,8380,21179,-6,1650399803,0:37:00
825173,129,8380,29638,-6,1650399803,0:37:00
825173,129,8380,21181,-6,1650399803,0:37:00
825173,129,8380,29639,-6,1650399803,0:37:00
825173,129,8380,21182,-6,1650399803,0:37:00
825173,129,8380,31609,-6,1650399803,0:37:00
825173,129,8380,21184,-6,1650399803,0:37:00
825173,129,8380,30713,-6,1650399803,0:37:00
825173,129,8380,29613,-6,1650399854,0:37:00
825173,129,8380,29614,-7,1650399895,0:37:00
825173,129,8380,21187,-6,1650400076,0:37:00
825173,129,8380,21188,-6,1650400091,0:37:00
825173,129,8380,29615,-6,1650400135,0:37:00
825173,129,8380,29616,-6,1650400196,0:37:00
825173,129,8380,332,-6,1650400545,0:37:00
825176,129,8298,21187,-6,1650410275,0:37:00
825176,129,8298,21188,-6,1650410364,0:37:00
825176,129,8298,null,-6,1650412086,0:37:00
825394,130,3224,28236,-9,1650419054,0:55:00
825394,130,3224,31300,-9,1650419182,0:55:00
825394,130,3224,23080,-9,1650419204,0:55:00
825394,130,3224,28680,-9,1650419515,0:55:00
825395,130,8497,28236,-9,1650413837,0:55:00
825395,130,8497,31300,-9,1650414015,0:55:00
825395,130,8497,23080,-9,1650414053,0:55:00
825395,130,8497,28680,-9,1650414355,0:55:00
825395,130,8497,31360,-9,1650414366,0:55:00
825395,130,8497,31359,-9,1650414366,0:55:00
825397,130,3205,28616,-6,1650407153,0:55:00
825397,130,3205,28617,-6,1650407170,0:55:00
825397,130,3205,1801,-6,1650407216,0:55:00
825397,130,3205,28627,-7,1650407672,0:55:00
825397,130,3205,30410,-7,1650407675,0:55:00
825397,130,3205,28628,-7,1650407675,0:55:00
825397,130,3205,1806,-7,1650408055,0:55:00
825397,130,3205,29691,-7,1650408165,0:55:00
825397,130,3205,null,-7,1650409436,0:55:00
825401,130,3205,28236,-6,1650391032,0:55:00
825401,130,3205,31300,-6,1650391135,0:55:00
825401,130,3205,330,-6,1650391195,0:55:00
825407,130,8497,31300,-7,1650420234,0:18:00
825407,130,8497,23080,-7,1650420272,0:18:00
825407,130,8497,28680,-7,1650420534,0:18:00
825407,130,8497,31360,-7,1650420544,0:18:00
825407,130,8497,28241,-7,1650420604,0:18:00
825410,130,8103,28688,-7,1650409944,0:18:00
825410,130,8103,13534,-7,1650409974,0:18:00
825410,130,8103,30140,-7,1650410155,0:18:00
825410,130,8103,18973,-7,1650410253,0:18:00
825411,130,8392,28676,-6,1650406376,0:18:00
825411,130,8392,31300,-6,1650406555,0:18:00
825411,130,8392,28688,-9,1650407035,0:18:00
825411,130,8392,13534,-9,1650407095,0:18:00
825411,130,8392,30140,-9,1650407323,0:18:00
825411,130,8392,18973,-9,1650407408,0:18:00
825412,130,8387,30140,-7,1650403976,1:00:00
825412,130,8387,18973,-7,1650404156,1:00:00
825417,130,8105,13534,-7,1650384882,1:00:00
825417,130,8105,30140,-7,1650385015,1:00:00
825417,130,8105,18973,-7,1650385195,1:00:00
825418,130,8096,28688,-8,1650381082,0:18:00
825418,130,8096,13534,-7,1650381145,0:18:00
825418,130,8096,30140,-7,1650381442,0:18:00
825418,130,8096,18973,-7,1650381466,0:18:00
825420,130,8388,31300,-9,1650373372,0:59:00
825420,130,8388,23080,-9,1650373405,0:59:00
825420,130,8388,28680,-9,1650373732,0:59:00
825420,130,8388,31360,-9,1650373748,0:59:00
825962,132,8097,30959,-8,1650404265,0:56:00
825962,132,8097,15287,-8,1650404076,0:56:00
825962,132,8097,30963,-8,1650403750,0:56:00
825962,132,8097,28718,-8,1650403391,0:56:00
825962,132,8097,29697,-8,1650403176,0:56:00
825962,132,8097,null,-8,1650403056,0:56:00
825962,132,8097,28729,-8,1650403163,0:56:00
825962,132,8097,29697,-8,1650403316,0:56:00
825962,132,8097,28723,-8,1650403375,0:56:00
825962,132,8097,28718,-8,1650403533,0:56:00
825962,132,8097,null,-8,1650403537,0:56:00
825962,132,8097,28713,-8,1650403736,0:56:00
825962,132,8097,30963,-8,1650403905,0:56:00
825962,132,8097,null,-8,1650403915,0:56:00
825962,132,8097,30961,-8,1650404073,0:56:00
825962,132,8097,15287,-8,1650404263,0:56:00
825962,132,8097,30959,-8,1650404782,0:56:00
825962,132,8097,28702,-8,1650404855,0:56:00
825962,132,8097,30960,-8,1650404875,0:56:00
825962,132,8097,15287,-8,1650404889,0:56:00
825962,132,8097,28704,-8,1650404933,0:56:00
825962,132,8097,30961,-8,1650405056,0:56:00
825962,132,8097,30962,-8,1650405163,0:56:00
825962,132,8097,30963,-8,1650405206,0:56:00
825962,132,8097,28712,-8,1650405263,0:56:00
825962,132,8097,28713,-8,1650405309,0:56:00
825962,132,8097,28714,-8,1650405356,0:56:00
825962,132,8097,29696,-8,1650405373,0:56:00
825962,132,8097,28716,-8,1650405403,0:56:00
825962,132,8097,28718,-8,1650405430,0:56:00
825962,132,8097,28720,-8,1650405446,0:56:00
825962,132,8097,28721,-8,1650405556,0:56:00
825962,132,8097,29697,-8,1650405733,0:56:00
825962,132,8097,28723,-8,1650405753,0:56:00
825962,132,8097,28725,-8,1650405774,0:56:00
825967,132,8097,32449,-14,1650400455,1:45:00
825967,132,8097,30973,-14,1650400272,1:45:00
825967,132,8097,null,-14,1650400115,1:45:00
825967,132,8097,32046,-14,1650400256,1:45:00
825967,132,8097,30973,-14,1650400454,1:45:00
825967,132,8097,32449,-14,1650400545,1:45:00
825967,132,8097,null,-14,1650401891,1:45:00
825969,132,8097,1660,-14,1650408134,1:38:00
825969,132,8097,29649,-14,1650407975,1:38:00
825969,132,8097,1660,-14,1650408095,1:38:00
825969,132,8097,29649,-14,1650408128,1:38:00
825969,132,8097,1660,-14,1650408235,1:38:00
825969,132,8097,29649,-14,1650408248,1:38:00
825969,132,8097,28780,-14,1650408415,1:38:00
825969,132,8097,28781,-14,1650408428,1:38:00
825969,132,8097,29650,-14,1650408445,1:38:00
825969,132,8097,28784,-14,1650408475,1:38:00
825969,132,8097,30951,-14,1650408523,1:38:00
825969,132,8097,30977,-14,1650408565,1:38:00
825969,132,8097,28790,-14,1650408673,1:38:00
825969,132,8097,28791,-14,1650408695,1:38:00
825969,132,8097,30953,-14,1650408715,1:38:00
825969,132,8097,1661,-14,1650408728,1:38:00
825969,132,8097,28794,-14,1650408823,1:38:00
825969,132,8097,28796,-14,1650408852,1:38:00
825969,132,8097,32448,-14,1650408882,1:38:00
825969,132,8097,32449,-14,1650408922,1:38:00
825969,132,8097,32451,-14,1650408945,1:38:00
825969,132,8097,32447,-14,1650408955,1:38:00
826347,139,8491,31134,-6,1650392695,0:22:00
826347,139,8491,31135,-6,1650392815,0:22:00
826347,139,8491,20420,-6,1650392992,0:22:00
826347,139,8491,null,-6,1650394135,0:22:00
826660,206,3200,19388,-6,1650404036,0:37:00
826660,206,3200,null,-6,1650404216,0:37:00
826709,90,8213,26568,-19,1650401473,0:12:00
